{
 "type": "FeatureCollection",
 "features": [
  {
   "type": "Feature",
   "properties": {
    "creator": "BRouter-1.7.11-beta",
    "name": "brouter_trekking_0",
    "track-length": "41323",
    "filtered ascend": "116",
    "plain-ascend": "-156",
    "total-time": "7173",
    "total-energy": "709833",
    "cost": "72058",
    "messages": [
     [
      "Longitude",
      "Latitude",
      "Elevation",
      "Distance",
      "CostPerKm",
      "ElevCost",
      "TurnCost",
      "NodeCost",
      "InitialCost",
      "WayTags",
      "NodeTags",
      "Time",
      "Energy"
     ],
     [
      "44759739",
      "41729952",
      "478",
      "18",
      "5050",
      "0",
      "0",
      "0",
      "0",
      "highway=footway surface=asphalt",
      "",
      "3",
      "343"
     ],
     [
      "44759713",
      "41729897",
      "477",
      "6",
      "1350",
      "0",
      "94",
      "0",
      "0",
      "highway=service surface=asphalt",
      "estimated_crossing_class=4",
      "4",
      "441"
     ],
     [
      "44759867",
      "41729853",
      "477",
      "14",
      "1650",
      "0",
      "88",
      "0",
      "0",
      "highway=secondary surface=asphalt oneway=yes",
      "estimated_crossing_class=4",
      "6",
      "687"
     ],
     [
      "44760482",
      "41729650",
      "475",
      "56",
      "1650",
      "0",
      "0",
      "0",
      "0",
      "highway=secondary surface=asphalt oneway=yes",
      "estimated_crossing_class=4",
      "13",
      "1333"
     ],
     [
      "44760955",
      "41729494",
      "473",
      "43",
      "1650",
      "0",
      "0",
      "0",
      "0",
      "highway=secondary surface=asphalt oneway=yes",
      "highway=crossing estimated_crossing_class=0 crossing=uncontrolled",
      "20",
      "2025"
     ],
     [
      "44761018",
      "41729473",
      "473",
      "6",
      "1650",
      "0",
      "0",
      "0",
      "0",
      "highway=secondary surface=asphalt oneway=yes",
      "estimated_crossing_class=4",
      "21",
      "2116"
     ],
     [
      "44761208",
      "41729412",
      "472",
      "17",
      "1650",
      "0",
      "0",
      "0",
      "0",
      "highway=secondary surface=asphalt oneway=yes",
      "estimated_crossing_class=4",
      "23",
      "2328"
     ],
     [
      "44761806",
      "41729211",
      "470",
      "55",
      "1650",
      "0",
      "0",
      "0",
      "0",
      "highway=secondary surface=asphalt oneway=yes",
      "estimated_crossing_class=4",
      "28",
      "2877"
     ],
     [
      "44761999",
      "41729153",
      "469",
      "17",
      "1650",
      "0",
      "0",
      "0",
      "0",
      "highway=secondary surface=asphalt oneway=yes",
      "highway=crossing estimated_crossing_class=0 crossing=uncontrolled",
      "30",
      "3049"
     ],
     [
      "44762060",
      "41729135",
      "469",
      "5",
      "1650",
      "0",
      "0",
      "0",
      "0",
      "highway=secondary surface=asphalt oneway=yes",
      "estimated_crossing_class=4",
      "30",
      "3099"
     ],
     [
      "44762502",
      "41729178",
      "467",
      "37",
      "1650",
      "0",
      "11",
      "0",
      "0",
      "highway=secondary surface=asphalt oneway=yes",
      "estimated_crossing_class=4",
      "34",
      "3430"
     ],
     [
      "44763021",
      "41729224",
      "466",
      "43",
      "1650",
      "0",
      "0",
      "0",
      "0",
      "highway=secondary surface=asphalt oneway=yes",
      "estimated_crossing_class=4",
      "38",
      "3827"
     ],
     [
      "44763297",
      "41729251",
      "466",
      "23",
      "1650",
      "0",
      "0",
      "20",
      "0",
      "highway=secondary surface=asphalt oneway=yes",
      "highway=crossing estimated_crossing_class=0 crossing=traffic_signals",
      "40",
      "4052"
     ],
     [
      "44763414",
      "41729264",
      "465",
      "10",
      "1650",
      "0",
      "0",
      "0",
      "0",
      "highway=secondary surface=asphalt oneway=yes",
      "estimated_crossing_class=0",
      "41",
      "4149"
     ],
     [
      "44763546",
      "41729278",
      "465",
      "11",
      "1650",
      "0",
      "0",
      "20",
      "0",
      "highway=secondary surface=asphalt oneway=yes",
      "highway=crossing estimated_crossing_class=0 crossing=traffic_signals",
      "42",
      "4249"
     ],
     [
      "44763811",
      "41729306",
      "463",
      "22",
      "1650",
      "0",
      "0",
      "0",
      "0",
      "highway=secondary surface=asphalt oneway=yes",
      "estimated_crossing_class=5",
      "44",
      "4427"
     ],
     [
      "44764595",
      "41729389",
      "459",
      "66",
      "1650",
      "125",
      "0",
      "0",
      "0",
      "highway=secondary surface=asphalt oneway=yes",
      "estimated_crossing_class=5",
      "49",
      "4427"
     ],
     [
      "44764751",
      "41729406",
      "459",
      "13",
      "1650",
      "18",
      "0",
      "0",
      "0",
      "highway=secondary surface=asphalt oneway=yes",
      "estimated_crossing_class=5",
      "50",
      "4525"
     ],
     [
      "44766046",
      "41729537",
      "455",
      "109",
      "1650",
      "96",
      "0",
      "0",
      "0",
      "highway=secondary surface=asphalt oneway=yes",
      "estimated_crossing_class=5",
      "59",
      "5151"
     ],
     [
      "44766511",
      "41729580",
      "455",
      "39",
      "1650",
      "0",
      "0",
      "0",
      "0",
      "highway=secondary surface=asphalt oneway=yes",
      "estimated_crossing_class=5",
      "63",
      "5556"
     ],
     [
      "44767323",
      "41729658",
      "453",
      "69",
      "1650",
      "37",
      "0",
      "0",
      "0",
      "highway=secondary surface=asphalt oneway=yes",
      "estimated_crossing_class=0",
      "70",
      "6254"
     ],
     [
      "44767585",
      "41729681",
      "453",
      "22",
      "1650",
      "10",
      "0",
      "20",
      "0",
      "highway=secondary surface=asphalt oneway=yes",
      "highway=crossing estimated_crossing_class=0 crossing=traffic_signals",
      "72",
      "6475"
     ],
     [
      "44767709",
      "41729691",
      "452",
      "10",
      "1650",
      "6",
      "0",
      "20",
      "0",
      "highway=secondary surface=asphalt oneway=yes",
      "highway=traffic_signals",
      "73",
      "6577"
     ],
     [
      "44767894",
      "41729708",
      "452",
      "16",
      "1650",
      "0",
      "0",
      "20",
      "0",
      "highway=secondary surface=asphalt oneway=no",
      "highway=traffic_signals estimated_crossing_class=0",
      "75",
      "6742"
     ],
     [
      "44767999",
      "41729716",
      "452",
      "9",
      "1150",
      "6",
      "0",
      "20",
      "0",
      "reversedirection=yes highway=residential surface=asphalt oneway=no",
      "highway=crossing crossing=traffic_signals",
      "76",
      "6835"
     ],
     [
      "44768456",
      "41729749",
      "451",
      "38",
      "1150",
      "15",
      "2",
      "0",
      "0",
      "reversedirection=yes highway=residential surface=asphalt oneway=no",
      "",
      "79",
      "7218"
     ],
     [
      "44769552",
      "41728631",
      "453",
      "154",
      "1150",
      "0",
      "22",
      "0",
      "0",
      "highway=residential surface=asphalt oneway=no",
      "",
      "101",
      "9405"
     ],
     [
      "44771319",
      "41726858",
      "453",
      "246",
      "1150",
      "0",
      "10",
      "0",
      "0",
      "reversedirection=yes highway=residential surface=asphalt oneway=no",
      "highway=crossing crossing=uncontrolled",
      "140",
      "13246"
     ],
     [
      "44771395",
      "41726802",
      "453",
      "9",
      "1150",
      "0",
      "1",
      "20",
      "0",
      "reversedirection=yes highway=residential surface=asphalt oneway=no",
      "highway=traffic_signals estimated_crossing_class=0 traffic_signals=signal",
      "141",
      "13360"
     ],
     [
      "44771448",
      "41726759",
      "453",
      "6",
      "5150",
      "0",
      "0",
      "0",
      "0",
      "reversedirection=yes highway=residential surface=asphalt oneway=yes",
      "",
      "142",
      "13437"
     ],
     [
      "44774592",
      "41725694",
      "447",
      "389",
      "1050",
      "0",
      "109",
      "0",
      "0",
      "highway=cycleway surface=asphalt",
      "highway=crossing crossing=uncontrolled",
      "191",
      "18383"
     ],
     [
      "44775883",
      "41724518",
      "446",
      "170",
      "1050",
      "0",
      "11",
      "0",
      "0",
      "highway=cycleway surface=asphalt",
      "",
      "212",
      "20495"
     ],
     [
      "44775929",
      "41724545",
      "446",
      "5",
      "1350",
      "0",
      "95",
      "0",
      "0",
      "highway=service",
      "",
      "213",
      "20560"
     ],
     [
      "44776027",
      "41724526",
      "446",
      "8",
      "1350",
      "0",
      "34",
      "0",
      "0",
      "highway=service surface=asphalt access=no bicycle=yes oneway=yes",
      "estimated_crossing_class=5",
      "214",
      "20666"
     ],
     [
      "44776802",
      "41724466",
      "445",
      "98",
      "1250",
      "0",
      "37",
      "20",
      "0",
      "highway=primary_link surface=asphalt foot=no bicycle=yes oneway=yes",
      "highway=traffic_signals estimated_crossing_class=0",
      "228",
      "22048"
     ],
     [
      "44776691",
      "41724814",
      "445",
      "40",
      "3050",
      "0",
      "9",
      "0",
      "0",
      "highway=primary surface=asphalt foot=no oneway=yes",
      "",
      "234",
      "22652"
     ],
     [
      "44776641",
      "41725077",
      "445",
      "30",
      "1650",
      "0",
      "0",
      "20",
      "0",
      "highway=secondary surface=asphalt foot=no oneway=yes",
      "highway=crossing estimated_crossing_class=0 crossing=traffic_signals",
      "238",
      "23071"
     ],
     [
      "44776748",
      "41725271",
      "443",
      "25",
      "1650",
      "0",
      "23",
      "0",
      "0",
      "highway=secondary surface=asphalt foot=no oneway=yes",
      "estimated_crossing_class=5",
      "241",
      "23340"
     ],
     [
      "44777480",
      "41725416",
      "436",
      "66",
      "1650",
      "0",
      "4",
      "0",
      "0",
      "highway=secondary surface=asphalt foot=no oneway=yes",
      "estimated_crossing_class=5",
      "247",
      "23875"
     ],
     [
      "44780061",
      "41725012",
      "424",
      "219",
      "1650",
      "353",
      "0",
      "20",
      "0",
      "highway=secondary surface=asphalt foot=no oneway=yes",
      "highway=traffic_signals",
      "265",
      "24139"
     ],
     [
      "44780159",
      "41724998",
      "423",
      "8",
      "1650",
      "67",
      "0",
      "20",
      "0",
      "highway=secondary surface=asphalt foot=no oneway=yes",
      "highway=crossing estimated_crossing_class=0 crossing=traffic_signals",
      "265",
      "24139"
     ],
     [
      "44783120",
      "41725853",
      "411",
      "267",
      "1650",
      "717",
      "2",
      "0",
      "0",
      "highway=secondary surface=asphalt foot=no oneway=yes",
      "",
      "287",
      "24139"
     ],
     [
      "44783681",
      "41726035",
      "411",
      "51",
      "1650",
      "0",
      "0",
      "0",
      "0",
      "highway=secondary foot=no oneway=yes",
      "",
      "294",
      "24847"
     ],
     [
      "44783843",
      "41726076",
      "412",
      "14",
      "1650",
      "0",
      "2",
      "0",
      "0",
      "highway=secondary surface=asphalt oneway=yes",
      "estimated_crossing_class=6",
      "296",
      "25083"
     ],
     [
      "44784096",
      "41726014",
      "413",
      "22",
      "1650",
      "0",
      "12",
      "0",
      "0",
      "highway=secondary surface=asphalt foot=no oneway=yes",
      "",
      "301",
      "25542"
     ],
     [
      "44784357",
      "41726064",
      "414",
      "23",
      "1650",
      "0",
      "7",
      "0",
      "0",
      "highway=secondary surface=asphalt oneway=yes",
      "estimated_crossing_class=5",
      "306",
      "26105"
     ],
     [
      "44784716",
      "41726201",
      "414",
      "34",
      "1650",
      "0",
      "0",
      "0",
      "0",
      "highway=secondary surface=asphalt oneway=yes",
      "estimated_crossing_class=5",
      "315",
      "26957"
     ],
     [
      "44785819",
      "41726621",
      "416",
      "103",
      "1650",
      "0",
      "0",
      "20",
      "0",
      "highway=secondary surface=asphalt oneway=yes",
      "highway=crossing estimated_crossing_class=0 crossing=traffic_signals",
      "344",
      "29839"
     ],
     [
      "44785943",
      "41726668",
      "416",
      "12",
      "1650",
      "0",
      "0",
      "20",
      "0",
      "highway=secondary surface=asphalt oneway=yes",
      "highway=traffic_signals estimated_crossing_class=0",
      "346",
      "30105"
     ],
     [
      "44786066",
      "41726717",
      "416",
      "12",
      "1650",
      "0",
      "0",
      "20",
      "0",
      "highway=secondary surface=asphalt oneway=yes",
      "highway=crossing estimated_crossing_class=0 crossing=traffic_signals",
      "349",
      "30380"
     ],
     [
      "44787579",
      "41727298",
      "417",
      "141",
      "1650",
      "0",
      "0",
      "0",
      "0",
      "highway=secondary surface=asphalt oneway=yes",
      "estimated_crossing_class=5",
      "380",
      "33483"
     ],
     [
      "44787824",
      "41727392",
      "417",
      "23",
      "1650",
      "0",
      "0",
      "0",
      "0",
      "highway=secondary surface=asphalt oneway=yes",
      "estimated_crossing_class=5",
      "385",
      "34003"
     ],
     [
      "44787965",
      "41727452",
      "418",
      "13",
      "1650",
      "0",
      "0",
      "0",
      "0",
      "highway=secondary surface=asphalt oneway=yes",
      "estimated_crossing_class=5",
      "388",
      "34301"
     ],
     [
      "44788016",
      "41727473",
      "418",
      "5",
      "1650",
      "0",
      "0",
      "0",
      "0",
      "highway=secondary surface=asphalt oneway=yes",
      "",
      "389",
      "34413"
     ],
     [
      "44788279",
      "41727585",
      "419",
      "25",
      "1150",
      "0",
      "0",
      "20",
      "0",
      "highway=secondary surface=asphalt cycleway=lane oneway=yes",
      "highway=crossing estimated_crossing_class=0 crossing=traffic_signals",
      "396",
      "35099"
     ],
     [
      "44788389",
      "41727631",
      "419",
      "10",
      "1150",
      "0",
      "0",
      "20",
      "0",
      "highway=secondary surface=asphalt oneway=yes cycleway:right=lane",
      "highway=traffic_signals",
      "399",
      "35387"
     ],
     [
      "44788448",
      "41727565",
      "419",
      "9",
      "1150",
      "0",
      "82",
      "20",
      "0",
      "highway=secondary surface=asphalt oneway=yes cycleway:right=share_busway",
      "highway=crossing estimated_crossing_class=0 crossing=traffic_signals",
      "402",
      "35635"
     ],
     [
      "44788822",
      "41726997",
      "421",
      "70",
      "1150",
      "0",
      "0",
      "20",
      "0",
      "highway=secondary surface=asphalt oneway=yes cycleway:right=share_busway",
      "highway=crossing estimated_crossing_class=0 crossing=traffic_signals kerb=flush",
      "423",
      "37767"
     ],
     [
      "44789019",
      "41726692",
      "422",
      "38",
      "1150",
      "0",
      "0",
      "0",
      "0",
      "highway=secondary surface=asphalt oneway=yes cycleway:right=share_busway",
      "estimated_crossing_class=5",
      "435",
      "39001"
     ],
     [
      "44789305",
      "41726226",
      "423",
      "57",
      "1150",
      "0",
      "0",
      "0",
      "0",
      "highway=secondary surface=asphalt oneway=yes cycleway:right=lane",
      "estimated_crossing_class=5",
      "453",
      "40751"
     ],
     [
      "44789664",
      "41725661",
      "423",
      "69",
      "1150",
      "0",
      "0",
      "0",
      "0",
      "highway=secondary surface=asphalt oneway=yes cycleway:right=lane",
      "estimated_crossing_class=0",
      "470",
      "42487"
     ],
     [
      "44789706",
      "41725593",
      "423",
      "8",
      "1150",
      "0",
      "0",
      "20",
      "0",
      "highway=secondary surface=asphalt oneway=yes cycleway:right=share_busway",
      "highway=crossing estimated_crossing_class=0 crossing=traffic_signals",
      "472",
      "42663"
     ],
     [
      "44789850",
      "41725383",
      "423",
      "26",
      "1150",
      "0",
      "0",
      "0",
      "0",
      "highway=secondary surface=asphalt oneway=yes cycleway:right=share_busway",
      "estimated_crossing_class=5",
      "477",
      "43147"
     ],
     [
      "44790257",
      "41724778",
      "422",
      "76",
      "1150",
      "0",
      "0",
      "0",
      "0",
      "highway=secondary surface=asphalt oneway=yes cycleway:right=share_busway",
      "estimated_crossing_class=0",
      "489",
      "44346"
     ],
     [
      "44790357",
      "41724632",
      "422",
      "18",
      "1150",
      "0",
      "0",
      "20",
      "0",
      "highway=secondary surface=asphalt oneway=yes cycleway:right=share_busway",
      "highway=crossing estimated_crossing_class=0 crossing=traffic_signals",
      "492",
      "44649"
     ],
     [
      "44790389",
      "41724589",
      "422",
      "5",
      "1150",
      "0",
      "0",
      "0",
      "0",
      "highway=secondary surface=asphalt oneway=yes cycleway:right=share_busway",
      "estimated_crossing_class=0",
      "492",
      "44733"
     ],
     [
      "44790469",
      "41724486",
      "422",
      "13",
      "1150",
      "0",
      "0",
      "20",
      "0",
      "highway=secondary surface=asphalt oneway=yes cycleway:right=share_busway",
      "highway=traffic_signals estimated_crossing_class=0",
      "495",
      "44952"
     ],
     [
      "44791405",
      "41723058",
      "422",
      "176",
      "1150",
      "0",
      "0",
      "0",
      "0",
      "highway=secondary surface=asphalt oneway=yes cycleway:right=lane",
      "estimated_crossing_class=5",
      "523",
      "47743"
     ],
     [
      "44791570",
      "41722802",
      "421",
      "32",
      "1150",
      "0",
      "0",
      "0",
      "0",
      "highway=secondary surface=asphalt oneway=yes cycleway:right=lane",
      "",
      "527",
      "48168"
     ],
     [
      "44791819",
      "41722482",
      "420",
      "41",
      "1650",
      "0",
      "2",
      "20",
      "0",
      "highway=secondary surface=asphalt oneway=yes",
      "highway=crossing estimated_crossing_class=0 crossing=traffic_signals",
      "532",
      "48661"
     ],
     [
      "44791843",
      "41722446",
      "420",
      "4",
      "1650",
      "0",
      "0",
      "20",
      "0",
      "highway=secondary surface=asphalt oneway=yes",
      "highway=crossing estimated_crossing_class=0 crossing=traffic_signals",
      "532",
      "48714"
     ],
     [
      "44791876",
      "41722409",
      "420",
      "5",
      "1650",
      "0",
      "0",
      "20",
      "0",
      "highway=secondary surface=asphalt oneway=yes",
      "highway=traffic_signals estimated_crossing_class=0 traffic_signals:direction=forward",
      "533",
      "48781"
     ],
     [
      "44791964",
      "41722356",
      "420",
      "9",
      "1650",
      "0",
      "4",
      "20",
      "0",
      "highway=secondary surface=asphalt oneway=no",
      "highway=traffic_signals traffic_signals:direction=forward",
      "534",
      "48910"
     ],
     [
      "44791992",
      "41722320",
      "420",
      "5",
      "1650",
      "0",
      "6",
      "20",
      "0",
      "reversedirection=yes highway=secondary surface=asphalt oneway=no",
      "highway=crossing estimated_crossing_class=0 crossing=traffic_signals",
      "535",
      "48987"
     ],
     [
      "44792038",
      "41722241",
      "421",
      "10",
      "1650",
      "0",
      "0",
      "20",
      "0",
      "reversedirection=yes highway=secondary surface=asphalt oneway=no",
      "highway=crossing estimated_crossing_class=0 crossing=traffic_signals",
      "537",
      "49152"
     ],
     [
      "44792118",
      "41722126",
      "421",
      "14",
      "1650",
      "0",
      "0",
      "0",
      "0",
      "reversedirection=yes highway=secondary surface=asphalt oneway=no",
      "estimated_crossing_class=6",
      "539",
      "49398"
     ],
     [
      "44792681",
      "41721221",
      "421",
      "111",
      "1650",
      "0",
      "0",
      "0",
      "0",
      "reversedirection=yes highway=secondary surface=asphalt oneway=no",
      "estimated_crossing_class=6",
      "557",
      "51236"
     ],
     [
      "44792743",
      "41721122",
      "420",
      "12",
      "1650",
      "0",
      "0",
      "0",
      "0",
      "reversedirection=yes highway=secondary surface=asphalt oneway=no",
      "estimated_crossing_class=6",
      "559",
      "51425"
     ],
     [
      "44792812",
      "41721009",
      "420",
      "14",
      "1650",
      "0",
      "0",
      "0",
      "0",
      "reversedirection=yes highway=secondary surface=asphalt oneway=no",
      "estimated_crossing_class=6",
      "561",
      "51633"
     ],
     [
      "44792929",
      "41720822",
      "420",
      "23",
      "1650",
      "0",
      "0",
      "0",
      "0",
      "reversedirection=yes highway=secondary surface=asphalt oneway=no",
      "estimated_crossing_class=6",
      "565",
      "51946"
     ],
     [
      "44793132",
      "41720480",
      "419",
      "42",
      "1650",
      "0",
      "0",
      "0",
      "0",
      "reversedirection=yes highway=secondary surface=asphalt oneway=no",
      "estimated_crossing_class=6",
      "570",
      "52521"
     ],
     [
      "44793214",
      "41720346",
      "419",
      "16",
      "1650",
      "0",
      "0",
      "0",
      "0",
      "reversedirection=yes highway=secondary surface=asphalt oneway=no",
      "estimated_crossing_class=6",
      "573",
      "52739"
     ],
     [
      "44793447",
      "41719960",
      "419",
      "47",
      "1650",
      "0",
      "0",
      "0",
      "0",
      "reversedirection=yes highway=secondary surface=asphalt oneway=no",
      "estimated_crossing_class=6",
      "579",
      "53382"
     ],
     [
      "44793700",
      "41719542",
      "421",
      "51",
      "1650",
      "0",
      "0",
      "20",
      "0",
      "reversedirection=yes highway=secondary surface=asphalt oneway=no",
      "highway=crossing estimated_crossing_class=0 crossing=traffic_signals",
      "590",
      "54475"
     ],
     [
      "44793792",
      "41719389",
      "421",
      "19",
      "1650",
      "0",
      "0",
      "20",
      "0",
      "reversedirection=yes highway=secondary surface=asphalt oneway=no",
      "highway=traffic_signals estimated_crossing_class=0",
      "594",
      "54933"
     ],
     [
      "44793862",
      "41719271",
      "422",
      "14",
      "1150",
      "0",
      "0",
      "20",
      "0",
      "reversedirection=yes highway=residential surface=asphalt oneway=no",
      "highway=crossing crossing=traffic_signals",
      "598",
      "55296"
     ],
     [
      "44795554",
      "41716619",
      "417",
      "326",
      "1150",
      "0",
      "0",
      "0",
      "0",
      "reversedirection=yes highway=residential surface=asphalt oneway=no",
      "highway=crossing crossing=uncontrolled",
      "644",
      "59847"
     ],
     [
      "44796109",
      "41715813",
      "419",
      "101",
      "1150",
      "0",
      "0",
      "0",
      "0",
      "reversedirection=yes highway=residential surface=asphalt oneway=no",
      "",
      "664",
      "61890"
     ],
     [
      "44796144",
      "41715758",
      "419",
      "7",
      "1150",
      "0",
      "0",
      "0",
      "0",
      "highway=residential surface=asphalt oneway=yes",
      "highway=crossing crossing=unmarked",
      "665",
      "62020"
     ],
     [
      "44799777",
      "41710709",
      "416",
      "639",
      "1150",
      "0",
      "0",
      "0",
      "0",
      "highway=residential surface=asphalt oneway=yes",
      "highway=give_way direction=forward",
      "773",
      "72740"
     ],
     [
      "44799810",
      "41710664",
      "416",
      "6",
      "1150",
      "0",
      "0",
      "0",
      "0",
      "highway=residential surface=asphalt oneway=yes",
      "highway=crossing",
      "773",
      "72810"
     ],
     [
      "44799831",
      "41710634",
      "416",
      "4",
      "1150",
      "0",
      "0",
      "0",
      "0",
      "highway=residential surface=asphalt oneway=yes",
      "estimated_crossing_class=0",
      "774",
      "72858"
     ],
     [
      "44799866",
      "41710587",
      "416",
      "6",
      "1150",
      "0",
      "0",
      "0",
      "0",
      "highway=residential surface=asphalt oneway=yes",
      "highway=crossing crossing=marked",
      "774",
      "72927"
     ],
     [
      "44802453",
      "41706973",
      "413",
      "454",
      "1150",
      "0",
      "0",
      "0",
      "0",
      "highway=residential surface=asphalt oneway=yes",
      "estimated_crossing_class=4",
      "837",
      "79219"
     ],
     [
      "44804171",
      "41704851",
      "412",
      "276",
      "1150",
      "0",
      "0",
      "0",
      "0",
      "highway=residential surface=asphalt oneway=yes",
      "",
      "879",
      "83400"
     ],
     [
      "44804877",
      "41705205",
      "414",
      "71",
      "1150",
      "0",
      "95",
      "0",
      "0",
      "reversedirection=yes highway=residential surface=asphalt",
      "traffic_calming=bump",
      "897",
      "85207"
     ],
     [
      "44804960",
      "41705247",
      "415",
      "8",
      "1150",
      "0",
      "0",
      "0",
      "0",
      "reversedirection=yes highway=residential surface=asphalt",
      "estimated_crossing_class=5",
      "899",
      "85396"
     ],
     [
      "44805441",
      "41705445",
      "417",
      "45",
      "1150",
      "0",
      "0",
      "0",
      "0",
      "reversedirection=yes highway=residential surface=asphalt",
      "highway=crossing crossing=marked",
      "913",
      "86761"
     ],
     [
      "44805537",
      "41705425",
      "417",
      "8",
      "1150",
      "0",
      "25",
      "0",
      "0",
      "reversedirection=yes highway=residential surface=asphalt",
      "estimated_crossing_class=4",
      "915",
      "87016"
     ],
     [
      "44805588",
      "41705410",
      "417",
      "5",
      "1150",
      "0",
      "0",
      "0",
      "0",
      "reversedirection=yes highway=residential surface=asphalt",
      "highway=crossing crossing=marked",
      "917",
      "87179"
     ],
     [
      "44806861",
      "41705580",
      "421",
      "108",
      "1150",
      "0",
      "13",
      "0",
      "0",
      "reversedirection=yes highway=residential surface=asphalt",
      "highway=give_way direction=backward",
      "948",
      "90264"
     ],
     [
      "44806928",
      "41705589",
      "421",
      "6",
      "1150",
      "0",
      "0",
      "0",
      "0",
      "reversedirection=yes highway=residential surface=asphalt",
      "",
      "949",
      "90418"
     ],
     [
      "44807199",
      "41705026",
      "419",
      "66",
      "1150",
      "0",
      "75",
      "0",
      "0",
      "highway=residential surface=asphalt oneway=yes",
      "",
      "967",
      "92163"
     ],
     [
      "44811298",
      "41702017",
      "448",
      "495",
      "1450",
      "0",
      "45",
      "0",
      "0",
      "reversedirection=yes highway=tertiary surface=asphalt",
      "",
      "1206",
      "116139"
     ],
     [
      "44814684",
      "41700102",
      "449",
      "357",
      "1450",
      "0",
      "11",
      "0",
      "0",
      "highway=tertiary surface=asphalt",
      "",
      "1324",
      "127925"
     ],
     [
      "44813376",
      "41697107",
      "446",
      "351",
      "1450",
      "0",
      "77",
      "0",
      "0",
      "reversedirection=yes highway=tertiary surface=asphalt",
      "",
      "1388",
      "134269"
     ],
     [
      "44814518",
      "41694353",
      "434",
      "324",
      "1450",
      "0",
      "42",
      "0",
      "0",
      "highway=tertiary surface=asphalt oneway=no",
      "",
      "1422",
      "137687"
     ],
     [
      "44814820",
      "41693240",
      "431",
      "126",
      "1450",
      "30",
      "0",
      "0",
      "0",
      "highway=tertiary surface=asphalt oneway=yes",
      "",
      "1434",
      "138893"
     ],
     [
      "44816824",
      "41692495",
      "434",
      "186",
      "1350",
      "13",
      "37",
      "0",
      "0",
      "reversedirection=yes highway=service surface=asphalt",
      "",
      "1458",
      "141307"
     ],
     [
      "44817559",
      "41692186",
      "434",
      "70",
      "1150",
      "0",
      "0",
      "0",
      "0",
      "highway=residential",
      "",
      "1470",
      "142485"
     ],
     [
      "44817240",
      "41691411",
      "433",
      "90",
      "1150",
      "0",
      "73",
      "0",
      "0",
      "reversedirection=yes highway=residential surface=asphalt",
      "",
      "1482",
      "143681"
     ],
     [
      "44817106",
      "41690974",
      "431",
      "50",
      "1150",
      "0",
      "0",
      "20",
      "0",
      "highway=residential surface=asphalt oneway=yes",
      "highway=crossing crossing=traffic_signals",
      "1487",
      "144246"
     ],
     [
      "44817054",
      "41690884",
      "431",
      "11",
      "1150",
      "0",
      "0",
      "20",
      "0",
      "highway=residential surface=asphalt oneway=yes",
      "highway=traffic_signals estimated_crossing_class=0",
      "1489",
      "144366"
     ],
     [
      "44817231",
      "41690801",
      "431",
      "17",
      "1250",
      "0",
      "76",
      "0",
      "0",
      "highway=primary surface=asphalt cycleway:both=share_busway",
      "estimated_crossing_class=0",
      "1491",
      "144570"
     ],
     [
      "44817639",
      "41690608",
      "431",
      "40",
      "1250",
      "0",
      "0",
      "0",
      "0",
      "highway=primary surface=asphalt cycleway:both=share_busway",
      "estimated_crossing_class=6",
      "1496",
      "145109"
     ],
     [
      "44817709",
      "41690575",
      "431",
      "7",
      "1250",
      "0",
      "0",
      "0",
      "0",
      "highway=primary surface=asphalt cycleway:both=share_busway",
      "estimated_crossing_class=6",
      "1497",
      "145202"
     ],
     [
      "44818661",
      "41690113",
      "428",
      "95",
      "1250",
      "0",
      "0",
      "0",
      "0",
      "highway=primary surface=asphalt cycleway:both=share_busway",
      "estimated_crossing_class=6",
      "1512",
      "146682"
     ],
     [
      "44818797",
      "41690047",
      "428",
      "13",
      "1250",
      "0",
      "0",
      "0",
      "0",
      "highway=primary surface=asphalt cycleway:both=share_busway",
      "estimated_crossing_class=6",
      "1514",
      "146895"
     ],
     [
      "44819188",
      "41689857",
      "426",
      "39",
      "1250",
      "0",
      "0",
      "0",
      "0",
      "highway=primary surface=asphalt cycleway:both=share_busway",
      "estimated_crossing_class=6",
      "1518",
      "147335"
     ],
     [
      "44819339",
      "41689784",
      "426",
      "15",
      "1250",
      "0",
      "0",
      "0",
      "0",
      "highway=primary surface=asphalt cycleway:both=share_busway",
      "estimated_crossing_class=6",
      "1520",
      "147496"
     ],
     [
      "44819675",
      "41689620",
      "424",
      "33",
      "1250",
      "0",
      "0",
      "0",
      "0",
      "highway=primary surface=asphalt cycleway:both=share_busway",
      "estimated_crossing_class=6",
      "1523",
      "147795"
     ],
     [
      "44819918",
      "41689502",
      "423",
      "24",
      "1250",
      "0",
      "0",
      "0",
      "0",
      "highway=primary surface=asphalt cycleway:both=share_busway",
      "estimated_crossing_class=0",
      "1525",
      "148009"
     ],
     [
      "44819955",
      "41689480",
      "423",
      "4",
      "1250",
      "0",
      "0",
      "20",
      "0",
      "highway=primary surface=asphalt cycleway:both=share_busway",
      "highway=traffic_signals estimated_crossing_class=0",
      "1525",
      "148047"
     ],
     [
      "44820047",
      "41689430",
      "423",
      "9",
      "1250",
      "0",
      "0",
      "0",
      "0",
      "highway=primary surface=asphalt cycleway:both=share_busway",
      "estimated_crossing_class=0",
      "1526",
      "148131"
     ],
     [
      "44820123",
      "41689389",
      "423",
      "8",
      "1250",
      "0",
      "0",
      "0",
      "0",
      "highway=primary surface=asphalt cycleway:both=share_busway",
      "estimated_crossing_class=0",
      "1527",
      "148209"
     ],
     [
      "44820155",
      "41689371",
      "423",
      "3",
      "1250",
      "0",
      "0",
      "20",
      "0",
      "highway=primary surface=asphalt cycleway:both=share_busway",
      "highway=traffic_signals estimated_crossing_class=0",
      "1527",
      "148239"
     ],
     [
      "44820205",
      "41689343",
      "423",
      "5",
      "1250",
      "0",
      "0",
      "20",
      "0",
      "highway=primary surface=asphalt cycleway:both=share_busway",
      "highway=crossing estimated_crossing_class=0 crossing=traffic_signals",
      "1528",
      "148291"
     ],
     [
      "44820844",
      "41688984",
      "422",
      "67",
      "1250",
      "0",
      "0",
      "0",
      "0",
      "highway=primary surface=asphalt cycleway:both=share_busway",
      "estimated_crossing_class=6",
      "1535",
      "149026"
     ],
     [
      "44821131",
      "41688822",
      "422",
      "30",
      "1250",
      "0",
      "0",
      "0",
      "0",
      "highway=primary surface=asphalt cycleway:both=lane",
      "estimated_crossing_class=6",
      "1539",
      "149375"
     ],
     [
      "44822136",
      "41688256",
      "425",
      "104",
      "1250",
      "0",
      "0",
      "0",
      "0",
      "highway=primary surface=asphalt cycleway:both=lane",
      "estimated_crossing_class=6",
      "1553",
      "150807"
     ],
     [
      "44822526",
      "41688037",
      "428",
      "41",
      "1250",
      "0",
      "0",
      "0",
      "0",
      "highway=primary surface=asphalt cycleway:both=lane",
      "estimated_crossing_class=6",
      "1560",
      "151516"
     ],
     [
      "44822829",
      "41687866",
      "428",
      "31",
      "1250",
      "0",
      "0",
      "0",
      "0",
      "highway=primary surface=asphalt cycleway:both=lane",
      "",
      "1569",
      "152446"
     ],
     [
      "44823635",
      "41687475",
      "428",
      "80",
      "1250",
      "0",
      "1",
      "20",
      "0",
      "highway=primary surface=asphalt oneway=yes cycleway:right=share_busway",
      "highway=traffic_signals",
      "1589",
      "154420"
     ],
     [
      "44823709",
      "41687456",
      "428",
      "7",
      "1250",
      "0",
      "0",
      "20",
      "0",
      "highway=primary surface=asphalt oneway=yes cycleway:right=share_busway",
      "highway=crossing estimated_crossing_class=0 crossing=traffic_signals",
      "1591",
      "154589"
     ],
     [
      "44823803",
      "41687433",
      "429",
      "8",
      "1250",
      "0",
      "0",
      "0",
      "0",
      "highway=primary surface=asphalt oneway=yes cycleway:right=share_busway",
      "estimated_crossing_class=0",
      "1593",
      "154803"
     ],
     [
      "44823915",
      "41687411",
      "429",
      "10",
      "1250",
      "0",
      "0",
      "0",
      "0",
      "highway=primary surface=asphalt oneway=yes cycleway:right=share_busway",
      "estimated_crossing_class=5",
      "1596",
      "155095"
     ],
     [
      "44824280",
      "41687373",
      "430",
      "30",
      "1250",
      "0",
      "0",
      "20",
      "0",
      "highway=primary surface=asphalt oneway=yes cycleway:right=share_busway",
      "highway=crossing estimated_crossing_class=0 crossing=traffic_signals",
      "1603",
      "155809"
     ],
     [
      "44825453",
      "41687399",
      "429",
      "98",
      "1250",
      "0",
      "0",
      "0",
      "0",
      "highway=primary surface=asphalt oneway=yes cycleway:right=share_busway",
      "",
      "1624",
      "157897"
     ],
     [
      "44826286",
      "41687399",
      "428",
      "69",
      "1250",
      "0",
      "0",
      "0",
      "0",
      "highway=primary surface=asphalt cycleway:both=share_busway",
      "estimated_crossing_class=6",
      "1635",
      "159008"
     ],
     [
      "44826886",
      "41687394",
      "430",
      "50",
      "1250",
      "0",
      "0",
      "0",
      "0",
      "highway=primary surface=asphalt cycleway:both=share_busway",
      "estimated_crossing_class=6",
      "1645",
      "160047"
     ],
     [
      "44827475",
      "41687390",
      "433",
      "49",
      "1250",
      "0",
      "0",
      "20",
      "0",
      "highway=primary surface=asphalt cycleway:both=share_busway",
      "highway=crossing estimated_crossing_class=0 crossing=traffic_signals",
      "1655",
      "161020"
     ],
     [
      "44827623",
      "41687389",
      "433",
      "12",
      "1250",
      "0",
      "0",
      "20",
      "0",
      "highway=primary surface=asphalt cycleway:both=share_busway",
      "highway=traffic_signals estimated_crossing_class=0",
      "1658",
      "161264"
     ],
     [
      "44827748",
      "41687389",
      "433",
      "10",
      "1250",
      "0",
      "0",
      "20",
      "0",
      "reversedirection=yes highway=primary surface=asphalt cycleway:both=share_busway",
      "highway=crossing estimated_crossing_class=0 crossing=traffic_signals",
      "1660",
      "161476"
     ],
     [
      "44828287",
      "41687390",
      "434",
      "45",
      "1250",
      "0",
      "0",
      "0",
      "0",
      "reversedirection=yes highway=primary surface=asphalt cycleway:both=share_busway",
      "estimated_crossing_class=5",
      "1670",
      "162549"
     ],
     [
      "44828885",
      "41687391",
      "433",
      "50",
      "1250",
      "0",
      "0",
      "0",
      "0",
      "reversedirection=yes highway=primary surface=asphalt cycleway:both=share_busway",
      "estimated_crossing_class=6",
      "1686",
      "164140"
     ],
     [
      "44829241",
      "41687391",
      "432",
      "30",
      "1250",
      "0",
      "0",
      "20",
      "0",
      "reversedirection=yes highway=primary surface=asphalt cycleway:both=share_busway",
      "highway=crossing estimated_crossing_class=0 crossing=traffic_signals",
      "1693",
      "164791"
     ],
     [
      "44830436",
      "41687394",
      "432",
      "100",
      "1250",
      "0",
      "0",
      "0",
      "0",
      "reversedirection=yes highway=primary surface=asphalt cycleway:both=share_busway",
      "estimated_crossing_class=6",
      "1711",
      "166636"
     ],
     [
      "44830801",
      "41687394",
      "432",
      "30",
      "1250",
      "0",
      "0",
      "0",
      "0",
      "reversedirection=yes highway=primary surface=asphalt cycleway:both=share_busway",
      "estimated_crossing_class=6",
      "1716",
      "167134"
     ],
     [
      "44831075",
      "41687395",
      "432",
      "23",
      "1250",
      "0",
      "0",
      "20",
      "0",
      "reversedirection=yes highway=primary surface=asphalt cycleway:both=share_busway",
      "highway=crossing estimated_crossing_class=0 crossing=traffic_signals",
      "1720",
      "167517"
     ],
     [
      "44831166",
      "41687389",
      "432",
      "8",
      "1250",
      "0",
      "0",
      "20",
      "0",
      "reversedirection=yes highway=primary surface=asphalt cycleway:both=share_busway",
      "highway=traffic_signals estimated_crossing_class=0 traffic_signals=signal",
      "1721",
      "167650"
     ],
     [
      "44833167",
      "41687167",
      "429",
      "169",
      "1250",
      "0",
      "0",
      "20",
      "0",
      "reversedirection=yes highway=primary surface=asphalt cycleway:both=lane",
      "highway=crossing estimated_crossing_class=0 crossing=traffic_signals",
      "1744",
      "169919"
     ],
     [
      "44833315",
      "41687151",
      "429",
      "12",
      "1250",
      "0",
      "0",
      "20",
      "0",
      "reversedirection=yes highway=primary surface=asphalt cycleway:both=share_busway",
      "highway=traffic_signals traffic_signals=signal",
      "1746",
      "170079"
     ],
     [
      "44833440",
      "41687137",
      "429",
      "11",
      "1250",
      "0",
      "0",
      "20",
      "0",
      "reversedirection=yes highway=primary surface=asphalt cycleway:both=share_busway",
      "highway=crossing estimated_crossing_class=0 crossing=traffic_signals",
      "1747",
      "170237"
     ],
     [
      "44834549",
      "41687014",
      "432",
      "93",
      "1250",
      "0",
      "0",
      "0",
      "0",
      "reversedirection=yes highway=primary surface=asphalt cycleway:both=share_busway",
      "estimated_crossing_class=6",
      "1769",
      "172359"
     ],
     [
      "44835332",
      "41686918",
      "433",
      "66",
      "1250",
      "0",
      "0",
      "0",
      "0",
      "reversedirection=yes highway=primary surface=asphalt cycleway:both=share_busway",
      "estimated_crossing_class=6",
      "1784",
      "173918"
     ],
     [
      "44836144",
      "41686826",
      "434",
      "68",
      "1250",
      "0",
      "0",
      "0",
      "0",
      "reversedirection=yes highway=primary surface=asphalt cycleway:both=share_busway",
      "estimated_crossing_class=6",
      "1801",
      "175584"
     ],
     [
      "44836751",
      "41686751",
      "433",
      "51",
      "1250",
      "0",
      "0",
      "0",
      "0",
      "reversedirection=yes highway=primary surface=asphalt cycleway:both=share_busway",
      "estimated_crossing_class=0",
      "1811",
      "176580"
     ],
     [
      "44836897",
      "41686733",
      "433",
      "12",
      "1250",
      "0",
      "0",
      "20",
      "0",
      "reversedirection=yes highway=primary surface=asphalt cycleway:both=share_busway",
      "highway=crossing estimated_crossing_class=0 crossing=traffic_signals",
      "1813",
      "176790"
     ],
     [
      "44837204",
      "41686694",
      "433",
      "26",
      "1250",
      "0",
      "0",
      "0",
      "0",
      "reversedirection=yes highway=primary surface=asphalt cycleway:both=share_busway",
      "estimated_crossing_class=6",
      "1817",
      "177216"
     ],
     [
      "44837772",
      "41686624",
      "431",
      "48",
      "1250",
      "0",
      "0",
      "0",
      "0",
      "reversedirection=yes highway=primary surface=asphalt cycleway:both=share_busway",
      "estimated_crossing_class=6",
      "1823",
      "177765"
     ],
     [
      "44837962",
      "41686601",
      "430",
      "16",
      "1250",
      "0",
      "0",
      "0",
      "0",
      "reversedirection=yes highway=primary surface=asphalt cycleway:both=share_busway",
      "estimated_crossing_class=6",
      "1824",
      "177941"
     ],
     [
      "44838267",
      "41686563",
      "429",
      "26",
      "1250",
      "0",
      "0",
      "0",
      "0",
      "reversedirection=yes highway=primary surface=asphalt cycleway:both=share_busway",
      "estimated_crossing_class=6",
      "1828",
      "178354"
     ],
     [
      "44838519",
      "41686532",
      "428",
      "21",
      "1250",
      "0",
      "0",
      "0",
      "0",
      "reversedirection=yes highway=primary surface=asphalt cycleway:both=share_busway",
      "",
      "1831",
      "178625"
     ],
     [
      "44839291",
      "41686389",
      "425",
      "66",
      "1250",
      "0",
      "0",
      "20",
      "0",
      "highway=primary surface=asphalt cycleway=share_busway oneway=yes",
      "highway=crossing estimated_crossing_class=0 crossing=traffic_signals",
      "1838",
      "179255"
     ],
     [
      "44839562",
      "41686349",
      "425",
      "23",
      "1250",
      "0",
      "0",
      "20",
      "0",
      "highway=primary surface=asphalt cycleway=share_busway oneway=yes",
      "highway=traffic_signals estimated_crossing_class=0",
      "1840",
      "179505"
     ],
     [
      "44840286",
      "41686241",
      "425",
      "61",
      "3050",
      "0",
      "0",
      "20",
      "0",
      "highway=primary surface=asphalt oneway=yes",
      "highway=traffic_signals traffic_signals=signal",
      "1849",
      "180357"
     ],
     [
      "44840291",
      "41686157",
      "425",
      "9",
      "1650",
      "0",
      "68",
      "20",
      "0",
      "highway=secondary surface=asphalt oneway=yes",
      "highway=crossing estimated_crossing_class=0 crossing=traffic_signals",
      "1850",
      "180489"
     ],
     [
      "44840289",
      "41685488",
      "426",
      "75",
      "1650",
      "0",
      "0",
      "0",
      "0",
      "highway=secondary surface=asphalt oneway=yes",
      "estimated_crossing_class=6",
      "1858",
      "181339"
     ],
     [
      "44840323",
      "41685351",
      "426",
      "15",
      "1650",
      "0",
      "2",
      "0",
      "0",
      "highway=secondary surface=asphalt oneway=yes",
      "",
      "1860",
      "181517"
     ],
     [
      "44840288",
      "41684615",
      "424",
      "82",
      "1650",
      "0",
      "2",
      "0",
      "0",
      "reversedirection=yes highway=secondary surface=asphalt",
      "estimated_crossing_class=6",
      "1869",
      "182404"
     ],
     [
      "44840276",
      "41684323",
      "424",
      "32",
      "1650",
      "0",
      "0",
      "20",
      "0",
      "reversedirection=yes highway=secondary surface=asphalt",
      "highway=crossing estimated_crossing_class=0 crossing=traffic_signals",
      "1873",
      "182765"
     ],
     [
      "44840272",
      "41684238",
      "423",
      "9",
      "1650",
      "0",
      "0",
      "20",
      "0",
      "reversedirection=yes highway=secondary surface=asphalt",
      "highway=traffic_signals estimated_crossing_class=0 traffic_signals=signal",
      "1874",
      "182868"
     ],
     [
      "44840408",
      "41684228",
      "424",
      "11",
      "1150",
      "0",
      "84",
      "20",
      "0",
      "highway=residential surface=asphalt",
      "highway=crossing crossing=traffic_signals",
      "1875",
      "183005"
     ],
     [
      "44841830",
      "41678205",
      "399",
      "821",
      "1150",
      "352",
      "61",
      "0",
      "0",
      "highway=residential surface=asphalt",
      "highway=priority",
      "1970",
      "191776"
     ],
     [
      "44841876",
      "41678199",
      "399",
      "4",
      "1150",
      "0",
      "86",
      "0",
      "0",
      "highway=residential surface=asphalt",
      "highway=give_way direction=backward",
      "1970",
      "191802"
     ],
     [
      "44849771",
      "41677539",
      "401",
      "669",
      "1150",
      "0",
      "1",
      "0",
      "0",
      "highway=residential surface=asphalt",
      "",
      "2069",
      "201666"
     ],
     [
      "44850093",
      "41677579",
      "401",
      "28",
      "1150",
      "0",
      "6",
      "0",
      "0",
      "highway=residential surface=asphalt oneway=yes",
      "",
      "2074",
      "202143"
     ],
     [
      "44850221",
      "41677721",
      "401",
      "24",
      "1450",
      "0",
      "0",
      "0",
      "0",
      "highway=tertiary surface=asphalt oneway=yes junction=roundabout",
      "",
      "2078",
      "202577"
     ],
     [
      "44850754",
      "41677826",
      "401",
      "49",
      "1450",
      "0",
      "31",
      "0",
      "0",
      "highway=tertiary oneway=yes",
      "",
      "2087",
      "203461"
     ],
     [
      "44850922",
      "41677791",
      "401",
      "15",
      "1450",
      "0",
      "5",
      "0",
      "0",
      "highway=tertiary",
      "",
      "2089",
      "203721"
     ],
     [
      "44853375",
      "41677262",
      "397",
      "214",
      "1450",
      "0",
      "0",
      "0",
      "0",
      "highway=tertiary surface=asphalt",
      "",
      "2123",
      "207083"
     ],
     [
      "44853306",
      "41678120",
      "404",
      "96",
      "1150",
      "0",
      "107",
      "0",
      "0",
      "highway=residential",
      "",
      "2140",
      "208790"
     ],
     [
      "44855311",
      "41679360",
      "413",
      "220",
      "1150",
      "0",
      "24",
      "0",
      "0",
      "highway=residential surface=asphalt oneway=yes",
      "",
      "2232",
      "218006"
     ],
     [
      "44857115",
      "41679052",
      "413",
      "157",
      "1450",
      "0",
      "39",
      "0",
      "0",
      "reversedirection=yes highway=tertiary surface=asphalt",
      "",
      "2266",
      "221401"
     ],
     [
      "44858579",
      "41679180",
      "416",
      "140",
      "1450",
      "0",
      "46",
      "0",
      "0",
      "highway=tertiary",
      "",
      "2301",
      "224928"
     ],
     [
      "44861055",
      "41678530",
      "415",
      "218",
      "1150",
      "0",
      "86",
      "0",
      "0",
      "reversedirection=yes highway=residential",
      "",
      "2354",
      "230201"
     ],
     [
      "44865185",
      "41677445",
      "414",
      "458",
      "1150",
      "0",
      "195",
      "0",
      "0",
      "reversedirection=yes highway=residential surface=asphalt",
      "railway=level_crossing",
      "2424",
      "237198"
     ],
     [
      "44865702",
      "41677408",
      "417",
      "45",
      "1150",
      "0",
      "37",
      "0",
      "0",
      "reversedirection=yes highway=residential surface=asphalt",
      "railway=level_crossing",
      "2435",
      "238256"
     ],
     [
      "44869004",
      "41676620",
      "414",
      "291",
      "1150",
      "0",
      "13",
      "0",
      "0",
      "reversedirection=yes highway=residential surface=asphalt",
      "traffic_calming=bump",
      "2496",
      "244403"
     ],
     [
      "44869485",
      "41676479",
      "414",
      "43",
      "1150",
      "0",
      "0",
      "0",
      "0",
      "reversedirection=yes highway=residential surface=asphalt",
      "traffic_calming=bump",
      "2502",
      "245037"
     ],
     [
      "44870214",
      "41676121",
      "412",
      "73",
      "1150",
      "0",
      "1",
      "0",
      "0",
      "reversedirection=yes highway=residential surface=asphalt",
      "traffic_calming=bump",
      "2512",
      "245979"
     ],
     [
      "44871702",
      "41675272",
      "408",
      "157",
      "1150",
      "0",
      "3",
      "0",
      "0",
      "reversedirection=yes highway=residential surface=asphalt",
      "traffic_calming=bump",
      "2532",
      "247995"
     ],
     [
      "44872472",
      "41675097",
      "408",
      "67",
      "1150",
      "0",
      "0",
      "0",
      "0",
      "reversedirection=yes highway=residential surface=asphalt",
      "traffic_calming=bump",
      "2542",
      "248988"
     ],
     [
      "44873202",
      "41674951",
      "409",
      "63",
      "1150",
      "0",
      "0",
      "0",
      "0",
      "reversedirection=yes highway=residential surface=asphalt",
      "traffic_calming=bump",
      "2549",
      "249655"
     ],
     [
      "44873710",
      "41674794",
      "408",
      "47",
      "1150",
      "0",
      "6",
      "0",
      "0",
      "reversedirection=yes highway=residential surface=asphalt",
      "",
      "2554",
      "250204"
     ],
     [
      "44873930",
      "41674194",
      "404",
      "70",
      "1150",
      "0",
      "6",
      "0",
      "0",
      "highway=residential",
      "",
      "2563",
      "251097"
     ],
     [
      "44874893",
      "41673800",
      "404",
      "92",
      "1150",
      "0",
      "16",
      "0",
      "0",
      "reversedirection=yes highway=residential",
      "traffic_calming=bump",
      "2575",
      "252331"
     ],
     [
      "44875582",
      "41673569",
      "401",
      "63",
      "1150",
      "0",
      "1",
      "0",
      "0",
      "reversedirection=yes highway=residential",
      "traffic_calming=bump",
      "2582",
      "252965"
     ],
     [
      "44875908",
      "41673205",
      "398",
      "54",
      "1150",
      "0",
      "11",
      "0",
      "0",
      "reversedirection=yes highway=residential",
      "traffic_calming=bump",
      "2586",
      "253431"
     ],
     [
      "44876318",
      "41672401",
      "395",
      "98",
      "1150",
      "0",
      "10",
      "0",
      "0",
      "reversedirection=yes highway=residential",
      "estimated_crossing_class=5",
      "2595",
      "254277"
     ],
     [
      "44876551",
      "41672372",
      "396",
      "19",
      "1650",
      "0",
      "60",
      "0",
      "0",
      "highway=secondary surface=asphalt oneway=no",
      "estimated_crossing_class=4",
      "2597",
      "254484"
     ],
     [
      "44876796",
      "41672315",
      "396",
      "21",
      "1650",
      "0",
      "0",
      "0",
      "0",
      "highway=secondary surface=asphalt oneway=no",
      "estimated_crossing_class=4",
      "2600",
      "254762"
     ],
     [
      "44876938",
      "41672283",
      "397",
      "12",
      "1650",
      "0",
      "0",
      "0",
      "0",
      "highway=secondary surface=asphalt oneway=no",
      "estimated_crossing_class=4",
      "2601",
      "254946"
     ],
     [
      "44877591",
      "41672127",
      "398",
      "57",
      "1650",
      "0",
      "0",
      "0",
      "0",
      "highway=secondary surface=asphalt oneway=no",
      "estimated_crossing_class=4",
      "2608",
      "255598"
     ],
     [
      "44878120",
      "41672003",
      "398",
      "46",
      "1650",
      "0",
      "0",
      "0",
      "0",
      "highway=secondary surface=asphalt oneway=no",
      "estimated_crossing_class=4",
      "2614",
      "256246"
     ],
     [
      "44878400",
      "41671939",
      "398",
      "24",
      "1650",
      "0",
      "0",
      "0",
      "0",
      "highway=secondary surface=asphalt oneway=no",
      "estimated_crossing_class=4",
      "2618",
      "256602"
     ],
     [
      "44879770",
      "41671611",
      "400",
      "120",
      "1650",
      "0",
      "0",
      "0",
      "0",
      "highway=secondary surface=asphalt oneway=no",
      "estimated_crossing_class=4",
      "2644",
      "259161"
     ],
     [
      "44879910",
      "41671572",
      "399",
      "12",
      "1650",
      "0",
      "0",
      "0",
      "0",
      "highway=secondary surface=asphalt oneway=no",
      "estimated_crossing_class=4",
      "2645",
      "259347"
     ],
     [
      "44880359",
      "41671377",
      "400",
      "44",
      "1650",
      "0",
      "0",
      "0",
      "0",
      "highway=secondary surface=asphalt oneway=no",
      "estimated_crossing_class=4",
      "2653",
      "260065"
     ],
     [
      "44880573",
      "41671249",
      "399",
      "23",
      "1650",
      "0",
      "0",
      "0",
      "0",
      "highway=secondary surface=asphalt oneway=no",
      "estimated_crossing_class=4",
      "2656",
      "260429"
     ],
     [
      "44880963",
      "41671016",
      "399",
      "42",
      "1650",
      "0",
      "0",
      "0",
      "0",
      "highway=secondary surface=asphalt oneway=no",
      "estimated_crossing_class=4",
      "2662",
      "261038"
     ],
     [
      "44880987",
      "41671001",
      "399",
      "3",
      "1650",
      "0",
      "0",
      "0",
      "0",
      "highway=secondary surface=asphalt oneway=no",
      "estimated_crossing_class=4",
      "2663",
      "261083"
     ],
     [
      "44881875",
      "41670471",
      "398",
      "95",
      "1650",
      "0",
      "0",
      "0",
      "0",
      "highway=secondary surface=asphalt oneway=no",
      "highway=crossing crossing=uncontrolled traffic_calming=bump",
      "2676",
      "262387"
     ],
     [
      "44882084",
      "41670347",
      "398",
      "22",
      "1650",
      "0",
      "0",
      "0",
      "0",
      "highway=secondary surface=asphalt oneway=no",
      "estimated_crossing_class=0",
      "2679",
      "262686"
     ],
     [
      "44882254",
      "41670243",
      "397",
      "18",
      "1650",
      "0",
      "0",
      "20",
      "0",
      "highway=secondary surface=asphalt oneway=no",
      "highway=crossing estimated_crossing_class=0 crossing=traffic_signals",
      "2681",
      "262926"
     ],
     [
      "44883375",
      "41669330",
      "395",
      "138",
      "1650",
      "0",
      "1",
      "0",
      "0",
      "highway=secondary surface=asphalt oneway=no",
      "estimated_crossing_class=4",
      "2699",
      "264655"
     ],
     [
      "44884648",
      "41668662",
      "393",
      "130",
      "1650",
      "0",
      "1",
      "0",
      "0",
      "highway=secondary surface=asphalt oneway=no",
      "estimated_crossing_class=4",
      "2718",
      "266640"
     ],
     [
      "44886489",
      "41667926",
      "392",
      "174",
      "1650",
      "0",
      "1",
      "0",
      "0",
      "highway=secondary surface=asphalt oneway=no",
      "estimated_crossing_class=4",
      "2739",
      "268700"
     ],
     [
      "44888700",
      "41665128",
      "386",
      "369",
      "1650",
      "0",
      "9",
      "0",
      "0",
      "highway=secondary surface=asphalt oneway=no",
      "estimated_crossing_class=4",
      "2786",
      "273439"
     ],
     [
      "44888965",
      "41665140",
      "386",
      "23",
      "1650",
      "0",
      "13",
      "0",
      "0",
      "highway=secondary",
      "estimated_crossing_class=4",
      "2789",
      "273694"
     ],
     [
      "44888993",
      "41665144",
      "386",
      "2",
      "1650",
      "0",
      "0",
      "0",
      "0",
      "highway=secondary",
      "railway=level_crossing",
      "2789",
      "273715"
     ],
     [
      "44889617",
      "41665179",
      "389",
      "52",
      "1650",
      "0",
      "0",
      "0",
      "0",
      "highway=secondary",
      "estimated_crossing_class=5",
      "2798",
      "274561"
     ],
     [
      "44900822",
      "41659833",
      "379",
      "1108",
      "1450",
      "0",
      "15",
      "0",
      "0",
      "highway=tertiary surface=asphalt",
      "",
      "2973",
      "292147"
     ],
     [
      "44904707",
      "41661621",
      "398",
      "434",
      "1150",
      "0",
      "49",
      "0",
      "0",
      "highway=residential",
      "",
      "3122",
      "307020"
     ],
     [
      "44911000",
      "41659212",
      "399",
      "599",
      "1350",
      "0",
      "89",
      "0",
      "0",
      "highway=service",
      "",
      "3264",
      "321171"
     ],
     [
      "44913373",
      "41660246",
      "392",
      "285",
      "1150",
      "0",
      "90",
      "0",
      "0",
      "highway=residential",
      "",
      "3305",
      "325346"
     ],
     [
      "44916237",
      "41661140",
      "392",
      "270",
      "1550",
      "0",
      "21",
      "0",
      "0",
      "reversedirection=yes highway=residential surface=unpaved",
      "",
      "3337",
      "328485"
     ],
     [
      "44916519",
      "41661113",
      "392",
      "24",
      "1550",
      "0",
      "79",
      "0",
      "0",
      "highway=residential surface=unpaved",
      "estimated_crossing_class=5",
      "3340",
      "328799"
     ],
     [
      "44916987",
      "41660935",
      "390",
      "45",
      "1650",
      "0",
      "13",
      "0",
      "0",
      "highway=secondary surface=paved",
      "estimated_crossing_class=4",
      "3345",
      "329306"
     ],
     [
      "44918440",
      "41660626",
      "387",
      "126",
      "1650",
      "0",
      "0",
      "0",
      "0",
      "highway=secondary surface=paved",
      "estimated_crossing_class=4",
      "3362",
      "330989"
     ],
     [
      "44919539",
      "41660495",
      "385",
      "94",
      "1650",
      "0",
      "3",
      "0",
      "0",
      "highway=secondary surface=paved",
      "estimated_crossing_class=4",
      "3373",
      "332071"
     ],
     [
      "44921791",
      "41660941",
      "389",
      "195",
      "1650",
      "0",
      "3",
      "0",
      "0",
      "highway=secondary surface=paved",
      "estimated_crossing_class=4",
      "3404",
      "335177"
     ],
     [
      "44929592",
      "41658403",
      "387",
      "760",
      "1650",
      "0",
      "4",
      "0",
      "0",
      "highway=secondary surface=paved",
      "estimated_crossing_class=4",
      "3541",
      "348958"
     ],
     [
      "44937900",
      "41654986",
      "379",
      "811",
      "1650",
      "0",
      "12",
      "0",
      "0",
      "highway=secondary surface=paved",
      "estimated_crossing_class=4",
      "3654",
      "360178"
     ],
     [
      "44938776",
      "41653938",
      "378",
      "137",
      "1650",
      "0",
      "0",
      "0",
      "0",
      "highway=secondary surface=paved",
      "estimated_crossing_class=4",
      "3670",
      "361795"
     ],
     [
      "44941105",
      "41651151",
      "373",
      "365",
      "1650",
      "0",
      "0",
      "0",
      "0",
      "highway=secondary surface=paved",
      "estimated_crossing_class=4",
      "3712",
      "366024"
     ],
     [
      "44943213",
      "41648629",
      "375",
      "331",
      "1650",
      "0",
      "0",
      "0",
      "0",
      "highway=secondary surface=paved",
      "estimated_crossing_class=4",
      "3766",
      "371413"
     ],
     [
      "44943339",
      "41648478",
      "375",
      "20",
      "1650",
      "0",
      "0",
      "0",
      "0",
      "highway=secondary surface=paved",
      "estimated_crossing_class=4",
      "3769",
      "371728"
     ],
     [
      "44944698",
      "41646852",
      "374",
      "213",
      "1650",
      "0",
      "0",
      "0",
      "0",
      "highway=secondary surface=paved",
      "estimated_crossing_class=4",
      "3799",
      "374714"
     ],
     [
      "44947712",
      "41643228",
      "373",
      "474",
      "1650",
      "0",
      "0",
      "0",
      "0",
      "highway=secondary surface=paved",
      "estimated_crossing_class=4",
      "3874",
      "382221"
     ],
     [
      "44949170",
      "41641452",
      "376",
      "232",
      "1650",
      "0",
      "0",
      "0",
      "0",
      "highway=secondary surface=paved",
      "estimated_crossing_class=4",
      "3927",
      "387535"
     ],
     [
      "44949226",
      "41641383",
      "376",
      "9",
      "1650",
      "0",
      "0",
      "0",
      "0",
      "highway=secondary surface=paved",
      "estimated_crossing_class=4",
      "3929",
      "387697"
     ],
     [
      "44949386",
      "41641188",
      "375",
      "25",
      "1650",
      "0",
      "0",
      "0",
      "0",
      "highway=secondary surface=paved",
      "estimated_crossing_class=4",
      "3933",
      "388094"
     ],
     [
      "44950636",
      "41639761",
      "375",
      "190",
      "1650",
      "0",
      "0",
      "0",
      "0",
      "highway=secondary surface=paved",
      "estimated_crossing_class=4",
      "3963",
      "391095"
     ],
     [
      "44950897",
      "41639483",
      "373",
      "38",
      "1650",
      "0",
      "0",
      "0",
      "0",
      "highway=secondary surface=paved",
      "estimated_crossing_class=4",
      "3967",
      "391567"
     ],
     [
      "44951008",
      "41639371",
      "373",
      "15",
      "1650",
      "0",
      "0",
      "0",
      "0",
      "highway=secondary surface=paved",
      "",
      "3969",
      "391747"
     ],
     [
      "44952637",
      "41637679",
      "375",
      "232",
      "1650",
      "0",
      "0",
      "0",
      "0",
      "highway=secondary",
      "estimated_crossing_class=4",
      "4014",
      "396185"
     ],
     [
      "44952994",
      "41637235",
      "375",
      "58",
      "1650",
      "0",
      "0",
      "0",
      "0",
      "highway=secondary",
      "estimated_crossing_class=4",
      "4025",
      "397314"
     ],
     [
      "44953437",
      "41636498",
      "376",
      "90",
      "1650",
      "0",
      "0",
      "0",
      "0",
      "highway=secondary",
      "estimated_crossing_class=5",
      "4042",
      "399013"
     ],
     [
      "44954651",
      "41634412",
      "375",
      "253",
      "1650",
      "0",
      "0",
      "0",
      "0",
      "highway=secondary",
      "estimated_crossing_class=5",
      "4084",
      "403182"
     ],
     [
      "44955784",
      "41632349",
      "371",
      "248",
      "1650",
      "0",
      "0",
      "0",
      "0",
      "highway=secondary",
      "estimated_crossing_class=5",
      "4121",
      "406949"
     ],
     [
      "44956674",
      "41630763",
      "368",
      "191",
      "1650",
      "0",
      "0",
      "0",
      "0",
      "highway=secondary",
      "estimated_crossing_class=5",
      "4144",
      "409206"
     ],
     [
      "44956797",
      "41630528",
      "367",
      "28",
      "1650",
      "0",
      "0",
      "0",
      "0",
      "highway=secondary",
      "estimated_crossing_class=5",
      "4147",
      "409534"
     ],
     [
      "44959066",
      "41626609",
      "362",
      "475",
      "1650",
      "0",
      "0",
      "0",
      "0",
      "highway=secondary",
      "estimated_crossing_class=5",
      "4208",
      "415637"
     ],
     [
      "44959152",
      "41626457",
      "362",
      "18",
      "1650",
      "0",
      "0",
      "0",
      "0",
      "highway=secondary",
      "estimated_crossing_class=5",
      "4211",
      "415883"
     ],
     [
      "44959438",
      "41625942",
      "362",
      "62",
      "1650",
      "0",
      "0",
      "0",
      "0",
      "highway=secondary",
      "estimated_crossing_class=5",
      "4220",
      "416830"
     ],
     [
      "44959968",
      "41625031",
      "362",
      "110",
      "1650",
      "0",
      "0",
      "0",
      "0",
      "highway=secondary",
      "estimated_crossing_class=5",
      "4237",
      "418532"
     ],
     [
      "44960470",
      "41622593",
      "359",
      "280",
      "1650",
      "0",
      "6",
      "0",
      "0",
      "highway=secondary",
      "estimated_crossing_class=5",
      "4275",
      "422364"
     ],
     [
      "44960141",
      "41621288",
      "358",
      "147",
      "1650",
      "0",
      "0",
      "0",
      "0",
      "highway=secondary",
      "estimated_crossing_class=5",
      "4296",
      "424426"
     ],
     [
      "44960288",
      "41621076",
      "358",
      "27",
      "1650",
      "0",
      "14",
      "0",
      "0",
      "highway=secondary",
      "estimated_crossing_class=5",
      "4299",
      "424748"
     ],
     [
      "44960314",
      "41621050",
      "358",
      "4",
      "1650",
      "0",
      "0",
      "0",
      "0",
      "highway=secondary",
      "estimated_crossing_class=5",
      "4300",
      "424787"
     ],
     [
      "44960553",
      "41620841",
      "358",
      "31",
      "1650",
      "0",
      "0",
      "0",
      "0",
      "highway=secondary",
      "estimated_crossing_class=5",
      "4303",
      "425117"
     ],
     [
      "44961105",
      "41620400",
      "358",
      "67",
      "1650",
      "0",
      "2",
      "0",
      "0",
      "highway=secondary",
      "estimated_crossing_class=5",
      "4311",
      "425910"
     ],
     [
      "44961438",
      "41619954",
      "357",
      "57",
      "1650",
      "0",
      "2",
      "0",
      "0",
      "highway=secondary",
      "estimated_crossing_class=5",
      "4318",
      "426625"
     ],
     [
      "44961561",
      "41619847",
      "357",
      "16",
      "1650",
      "0",
      "1",
      "0",
      "0",
      "highway=secondary",
      "estimated_crossing_class=5",
      "4320",
      "426835"
     ],
     [
      "44962315",
      "41619119",
      "357",
      "104",
      "1650",
      "0",
      "5",
      "0",
      "0",
      "highway=secondary",
      "estimated_crossing_class=5",
      "4335",
      "428342"
     ],
     [
      "44962490",
      "41618552",
      "357",
      "65",
      "1650",
      "0",
      "4",
      "0",
      "0",
      "highway=secondary",
      "estimated_crossing_class=5",
      "4345",
      "429369"
     ],
     [
      "44962540",
      "41618385",
      "357",
      "19",
      "1650",
      "0",
      "0",
      "0",
      "0",
      "highway=secondary",
      "estimated_crossing_class=5",
      "4348",
      "429676"
     ],
     [
      "44963280",
      "41617175",
      "356",
      "149",
      "1650",
      "0",
      "2",
      "0",
      "0",
      "highway=secondary",
      "estimated_crossing_class=5",
      "4369",
      "431754"
     ],
     [
      "44963509",
      "41616799",
      "356",
      "46",
      "1650",
      "0",
      "0",
      "0",
      "0",
      "highway=secondary",
      "estimated_crossing_class=5",
      "4377",
      "432481"
     ],
     [
      "44963742",
      "41616338",
      "356",
      "55",
      "1650",
      "0",
      "0",
      "0",
      "0",
      "highway=secondary",
      "estimated_crossing_class=5",
      "4385",
      "433328"
     ],
     [
      "44963872",
      "41616065",
      "356",
      "32",
      "1650",
      "0",
      "0",
      "0",
      "0",
      "highway=secondary",
      "estimated_crossing_class=5",
      "4390",
      "433809"
     ],
     [
      "44964231",
      "41615487",
      "355",
      "72",
      "1650",
      "0",
      "2",
      "0",
      "0",
      "highway=secondary",
      "estimated_crossing_class=5",
      "4400",
      "434805"
     ],
     [
      "44964681",
      "41614941",
      "354",
      "72",
      "1650",
      "0",
      "0",
      "0",
      "0",
      "highway=secondary",
      "estimated_crossing_class=5",
      "4409",
      "435765"
     ],
     [
      "44964797",
      "41614743",
      "354",
      "24",
      "1650",
      "0",
      "0",
      "0",
      "0",
      "highway=secondary",
      "estimated_crossing_class=5",
      "4413",
      "436095"
     ],
     [
      "44965300",
      "41613991",
      "354",
      "94",
      "1650",
      "0",
      "2",
      "0",
      "0",
      "highway=secondary",
      "estimated_crossing_class=5",
      "4426",
      "437444"
     ],
     [
      "44965506",
      "41613825",
      "354",
      "25",
      "1650",
      "0",
      "1",
      "0",
      "0",
      "highway=secondary",
      "estimated_crossing_class=5",
      "4430",
      "437830"
     ],
     [
      "44966035",
      "41613400",
      "354",
      "65",
      "1650",
      "0",
      "0",
      "0",
      "0",
      "highway=secondary",
      "estimated_crossing_class=5",
      "4440",
      "438862"
     ],
     [
      "44966976",
      "41612672",
      "353",
      "112",
      "1650",
      "0",
      "0",
      "0",
      "0",
      "highway=secondary",
      "estimated_crossing_class=5",
      "4457",
      "440561"
     ],
     [
      "44967381",
      "41612423",
      "353",
      "44",
      "1650",
      "0",
      "0",
      "0",
      "0",
      "highway=secondary",
      "estimated_crossing_class=5",
      "4464",
      "441267"
     ],
     [
      "44968023",
      "41611868",
      "351",
      "82",
      "1650",
      "0",
      "1",
      "0",
      "0",
      "highway=secondary",
      "",
      "4474",
      "442209"
     ],
     [
      "44968833",
      "41610657",
      "350",
      "150",
      "1650",
      "0",
      "2",
      "0",
      "0",
      "highway=secondary surface=paved oneway=yes",
      "estimated_crossing_class=5",
      "4494",
      "444205"
     ],
     [
      "44969866",
      "41609557",
      "350",
      "151",
      "1650",
      "0",
      "5",
      "0",
      "0",
      "highway=secondary surface=paved oneway=yes",
      "",
      "4517",
      "446576"
     ],
     [
      "44970731",
      "41608688",
      "350",
      "121",
      "1650",
      "0",
      "1",
      "0",
      "0",
      "reversedirection=yes highway=secondary",
      "",
      "4536",
      "448466"
     ],
     [
      "44971381",
      "41608252",
      "350",
      "73",
      "1650",
      "0",
      "0",
      "0",
      "0",
      "reversedirection=yes highway=secondary surface=paved",
      "",
      "4549",
      "449719"
     ],
     [
      "44974236",
      "41606597",
      "348",
      "302",
      "1650",
      "0",
      "0",
      "0",
      "0",
      "highway=secondary surface=asphalt",
      "estimated_crossing_class=5",
      "4594",
      "454239"
     ],
     [
      "44974410",
      "41606490",
      "348",
      "19",
      "1650",
      "0",
      "0",
      "0",
      "0",
      "highway=secondary surface=asphalt",
      "highway=crossing crossing=uncontrolled",
      "4597",
      "454575"
     ],
     [
      "44975825",
      "41605244",
      "348",
      "184",
      "1650",
      "0",
      "3",
      "0",
      "0",
      "highway=secondary surface=asphalt",
      "estimated_crossing_class=5",
      "4629",
      "457728"
     ],
     [
      "44976691",
      "41604522",
      "348",
      "108",
      "1650",
      "0",
      "0",
      "0",
      "0",
      "highway=secondary surface=asphalt",
      "estimated_crossing_class=5",
      "4647",
      "459481"
     ],
     [
      "44978493",
      "41603159",
      "347",
      "213",
      "1650",
      "0",
      "0",
      "0",
      "0",
      "highway=secondary surface=asphalt",
      "estimated_crossing_class=5",
      "4679",
      "462774"
     ],
     [
      "44978860",
      "41602876",
      "347",
      "44",
      "1650",
      "0",
      "0",
      "0",
      "0",
      "highway=secondary surface=asphalt",
      "estimated_crossing_class=5",
      "4686",
      "463395"
     ],
     [
      "44979550",
      "41602328",
      "345",
      "84",
      "1650",
      "0",
      "0",
      "0",
      "0",
      "highway=secondary surface=asphalt",
      "estimated_crossing_class=5",
      "4696",
      "464410"
     ],
     [
      "44980184",
      "41601731",
      "345",
      "85",
      "1650",
      "0",
      "0",
      "0",
      "0",
      "highway=secondary surface=asphalt",
      "estimated_crossing_class=5",
      "4708",
      "465668"
     ],
     [
      "44980887",
      "41600974",
      "344",
      "102",
      "1650",
      "0",
      "0",
      "0",
      "0",
      "highway=secondary surface=asphalt",
      "estimated_crossing_class=5",
      "4722",
      "466984"
     ],
     [
      "44981014",
      "41600837",
      "344",
      "19",
      "1650",
      "0",
      "0",
      "0",
      "0",
      "highway=secondary surface=asphalt",
      "estimated_crossing_class=5",
      "4724",
      "467245"
     ],
     [
      "44981415",
      "41600404",
      "344",
      "59",
      "1650",
      "0",
      "0",
      "0",
      "0",
      "highway=secondary surface=asphalt",
      "estimated_crossing_class=5",
      "4733",
      "468149"
     ],
     [
      "44981778",
      "41600020",
      "345",
      "52",
      "1650",
      "0",
      "0",
      "0",
      "0",
      "highway=secondary surface=asphalt",
      "estimated_crossing_class=5",
      "4743",
      "469119"
     ],
     [
      "44982694",
      "41599050",
      "345",
      "132",
      "1650",
      "0",
      "0",
      "0",
      "0",
      "highway=secondary surface=asphalt",
      "estimated_crossing_class=5",
      "4767",
      "471528"
     ],
     [
      "44983861",
      "41596964",
      "345",
      "252",
      "1650",
      "0",
      "2",
      "0",
      "0",
      "highway=secondary surface=asphalt",
      "estimated_crossing_class=5",
      "4808",
      "475676"
     ],
     [
      "44984195",
      "41596527",
      "345",
      "56",
      "1650",
      "0",
      "0",
      "0",
      "0",
      "highway=secondary surface=asphalt",
      "estimated_crossing_class=5",
      "4821",
      "476886"
     ],
     [
      "44984402",
      "41596321",
      "345",
      "29",
      "1650",
      "0",
      "0",
      "0",
      "0",
      "highway=secondary surface=asphalt",
      "estimated_crossing_class=5",
      "4826",
      "477393"
     ],
     [
      "44984565",
      "41596166",
      "344",
      "22",
      "1650",
      "0",
      "0",
      "0",
      "0",
      "highway=secondary surface=asphalt",
      "estimated_crossing_class=5",
      "4829",
      "477732"
     ],
     [
      "44985071",
      "41595723",
      "343",
      "65",
      "1650",
      "0",
      "0",
      "0",
      "0",
      "highway=secondary surface=asphalt",
      "estimated_crossing_class=5",
      "4838",
      "478613"
     ],
     [
      "44985521",
      "41595418",
      "343",
      "51",
      "1650",
      "0",
      "0",
      "0",
      "0",
      "highway=secondary surface=asphalt",
      "estimated_crossing_class=5",
      "4845",
      "479350"
     ],
     [
      "44985943",
      "41595117",
      "343",
      "49",
      "1650",
      "0",
      "0",
      "0",
      "0",
      "highway=secondary surface=asphalt",
      "estimated_crossing_class=5",
      "4853",
      "480100"
     ],
     [
      "44986079",
      "41595011",
      "343",
      "16",
      "1650",
      "0",
      "0",
      "0",
      "0",
      "highway=secondary surface=asphalt",
      "estimated_crossing_class=5",
      "4855",
      "480337"
     ],
     [
      "44986402",
      "41594794",
      "343",
      "36",
      "1650",
      "0",
      "0",
      "0",
      "0",
      "highway=secondary surface=asphalt",
      "estimated_crossing_class=5",
      "4860",
      "480832"
     ],
     [
      "44987127",
      "41594305",
      "343",
      "81",
      "1650",
      "0",
      "0",
      "0",
      "0",
      "highway=secondary surface=asphalt",
      "estimated_crossing_class=5",
      "4872",
      "482041"
     ],
     [
      "44987285",
      "41594198",
      "343",
      "18",
      "1650",
      "0",
      "0",
      "0",
      "0",
      "highway=secondary surface=asphalt",
      "estimated_crossing_class=5",
      "4875",
      "482323"
     ],
     [
      "44987533",
      "41594056",
      "343",
      "26",
      "1650",
      "0",
      "0",
      "0",
      "0",
      "highway=secondary surface=asphalt",
      "estimated_crossing_class=5",
      "4879",
      "482735"
     ],
     [
      "44988095",
      "41593663",
      "342",
      "64",
      "1650",
      "0",
      "0",
      "0",
      "0",
      "highway=secondary surface=asphalt",
      "estimated_crossing_class=5",
      "4889",
      "483722"
     ],
     [
      "44988381",
      "41593545",
      "342",
      "27",
      "1650",
      "0",
      "2",
      "0",
      "0",
      "highway=secondary surface=asphalt",
      "estimated_crossing_class=5",
      "4893",
      "484107"
     ],
     [
      "44989127",
      "41593219",
      "342",
      "72",
      "1650",
      "0",
      "0",
      "0",
      "0",
      "highway=secondary surface=asphalt",
      "estimated_crossing_class=5",
      "4903",
      "485150"
     ],
     [
      "44989160",
      "41593204",
      "342",
      "3",
      "1650",
      "0",
      "0",
      "0",
      "0",
      "highway=secondary surface=asphalt",
      "estimated_crossing_class=5",
      "4904",
      "485195"
     ],
     [
      "44990457",
      "41592604",
      "343",
      "127",
      "1650",
      "0",
      "0",
      "0",
      "0",
      "highway=secondary surface=asphalt",
      "estimated_crossing_class=5",
      "4927",
      "487544"
     ],
     [
      "44990611",
      "41592525",
      "343",
      "16",
      "1650",
      "0",
      "0",
      "0",
      "0",
      "highway=secondary surface=asphalt",
      "estimated_crossing_class=5",
      "4930",
      "487825"
     ],
     [
      "44991864",
      "41591657",
      "341",
      "143",
      "1650",
      "0",
      "0",
      "0",
      "0",
      "highway=secondary surface=asphalt",
      "estimated_crossing_class=5",
      "4949",
      "489752"
     ],
     [
      "44992066",
      "41591508",
      "341",
      "24",
      "1650",
      "0",
      "0",
      "0",
      "0",
      "highway=secondary surface=asphalt",
      "estimated_crossing_class=5",
      "4953",
      "490124"
     ],
     [
      "44993156",
      "41590711",
      "341",
      "127",
      "1650",
      "0",
      "0",
      "0",
      "0",
      "highway=secondary surface=asphalt",
      "estimated_crossing_class=5",
      "4974",
      "492227"
     ],
     [
      "44993229",
      "41590665",
      "341",
      "8",
      "1650",
      "0",
      "0",
      "0",
      "0",
      "highway=secondary surface=asphalt",
      "estimated_crossing_class=5",
      "4975",
      "492363"
     ],
     [
      "44994035",
      "41590176",
      "340",
      "86",
      "1650",
      "0",
      "0",
      "0",
      "0",
      "highway=secondary surface=asphalt",
      "estimated_crossing_class=5",
      "4987",
      "493518"
     ],
     [
      "44996559",
      "41588721",
      "338",
      "265",
      "1650",
      "0",
      "0",
      "0",
      "0",
      "highway=secondary surface=asphalt",
      "estimated_crossing_class=5",
      "5023",
      "497145"
     ],
     [
      "44997848",
      "41587968",
      "338",
      "136",
      "1650",
      "0",
      "0",
      "0",
      "0",
      "highway=secondary surface=asphalt",
      "estimated_crossing_class=5",
      "5045",
      "499373"
     ],
     [
      "44998653",
      "41587465",
      "338",
      "87",
      "1650",
      "0",
      "0",
      "0",
      "0",
      "highway=secondary surface=asphalt",
      "estimated_crossing_class=5",
      "5060",
      "500823"
     ],
     [
      "44998806",
      "41587358",
      "338",
      "17",
      "1650",
      "0",
      "0",
      "0",
      "0",
      "highway=secondary surface=asphalt",
      "highway=crossing crossing=uncontrolled",
      "5063",
      "501126"
     ],
     [
      "44998946",
      "41587260",
      "338",
      "16",
      "1650",
      "0",
      "0",
      "0",
      "0",
      "highway=secondary surface=asphalt",
      "estimated_crossing_class=5",
      "5066",
      "501408"
     ],
     [
      "45000566",
      "41586023",
      "338",
      "193",
      "1650",
      "0",
      "0",
      "0",
      "0",
      "highway=secondary surface=asphalt",
      "estimated_crossing_class=5",
      "5097",
      "504525"
     ],
     [
      "45001416",
      "41585360",
      "338",
      "102",
      "1650",
      "0",
      "0",
      "0",
      "0",
      "highway=secondary surface=asphalt",
      "estimated_crossing_class=5",
      "5115",
      "506299"
     ],
     [
      "45003844",
      "41584461",
      "339",
      "230",
      "1650",
      "0",
      "1",
      "0",
      "0",
      "highway=secondary surface=asphalt",
      "estimated_crossing_class=4",
      "5155",
      "510348"
     ],
     [
      "45004231",
      "41584374",
      "339",
      "34",
      "1650",
      "0",
      "0",
      "0",
      "0",
      "highway=secondary surface=asphalt",
      "",
      "5162",
      "511065"
     ],
     [
      "45007524",
      "41583603",
      "341",
      "288",
      "1650",
      "0",
      "0",
      "0",
      "0",
      "reversedirection=yes highway=secondary",
      "estimated_crossing_class=4",
      "5216",
      "516463"
     ],
     [
      "45007897",
      "41583467",
      "343",
      "35",
      "1650",
      "0",
      "0",
      "0",
      "0",
      "reversedirection=yes highway=secondary",
      "estimated_crossing_class=4",
      "5225",
      "517349"
     ],
     [
      "45008601",
      "41582837",
      "352",
      "94",
      "1650",
      "0",
      "3",
      "0",
      "0",
      "reversedirection=yes highway=secondary",
      "estimated_crossing_class=4",
      "5268",
      "521616"
     ],
     [
      "45008423",
      "41580364",
      "375",
      "284",
      "1650",
      "0",
      "2",
      "0",
      "0",
      "reversedirection=yes highway=secondary",
      "estimated_crossing_class=4",
      "5469",
      "541731"
     ],
     [
      "45009088",
      "41579027",
      "392",
      "182",
      "1650",
      "0",
      "12",
      "0",
      "0",
      "reversedirection=yes highway=secondary",
      "estimated_crossing_class=4",
      "5652",
      "560036"
     ],
     [
      "45009697",
      "41578592",
      "393",
      "71",
      "1650",
      "0",
      "2",
      "0",
      "0",
      "reversedirection=yes highway=secondary",
      "estimated_crossing_class=4",
      "5693",
      "564136"
     ],
     [
      "45010712",
      "41577562",
      "399",
      "142",
      "1650",
      "0",
      "0",
      "0",
      "0",
      "reversedirection=yes highway=secondary",
      "",
      "5768",
      "571618"
     ],
     [
      "45010934",
      "41577008",
      "402",
      "63",
      "1650",
      "0",
      "2",
      "0",
      "0",
      "highway=secondary_link oneway=yes",
      "",
      "5795",
      "574361"
     ],
     [
      "45010115",
      "41574694",
      "391",
      "271",
      "1650",
      "0",
      "1",
      "0",
      "0",
      "reversedirection=yes highway=secondary surface=paved foot=yes cycleway=no oneway=no",
      "estimated_crossing_class=4",
      "5849",
      "579783"
     ],
     [
      "45009208",
      "41572230",
      "376",
      "286",
      "1650",
      "567",
      "0",
      "0",
      "0",
      "reversedirection=yes highway=secondary surface=paved foot=yes cycleway=no oneway=no",
      "estimated_crossing_class=4",
      "5872",
      "581241"
     ],
     [
      "45009228",
      "41572086",
      "375",
      "16",
      "1650",
      "30",
      "1",
      "0",
      "0",
      "reversedirection=yes highway=secondary surface=paved foot=yes cycleway=no oneway=no",
      "estimated_crossing_class=4",
      "5874",
      "581298"
     ],
     [
      "45009922",
      "41570348",
      "370",
      "202",
      "1650",
      "86",
      "0",
      "0",
      "0",
      "reversedirection=yes highway=secondary surface=paved foot=yes cycleway=no oneway=no",
      "estimated_crossing_class=4",
      "5892",
      "583089"
     ],
     [
      "45010710",
      "41569088",
      "367",
      "155",
      "1650",
      "85",
      "0",
      "0",
      "0",
      "reversedirection=yes highway=secondary surface=paved foot=yes cycleway=no oneway=no",
      "estimated_crossing_class=4",
      "5907",
      "584579"
     ],
     [
      "45011040",
      "41568609",
      "363",
      "60",
      "1650",
      "171",
      "0",
      "0",
      "0",
      "reversedirection=yes highway=secondary surface=paved foot=yes cycleway=no oneway=no",
      "estimated_crossing_class=4",
      "5911",
      "584992"
     ],
     [
      "45011330",
      "41568189",
      "360",
      "53",
      "1650",
      "117",
      "0",
      "0",
      "0",
      "reversedirection=yes highway=secondary surface=paved foot=yes cycleway=no oneway=no",
      "estimated_crossing_class=4",
      "5916",
      "585210"
     ],
     [
      "45013043",
      "41565667",
      "347",
      "314",
      "1650",
      "511",
      "0",
      "0",
      "0",
      "reversedirection=yes highway=secondary surface=paved foot=yes cycleway=no oneway=no",
      "estimated_crossing_class=4",
      "5941",
      "586685"
     ],
     [
      "45013118",
      "41565546",
      "346",
      "15",
      "1650",
      "16",
      "0",
      "0",
      "0",
      "reversedirection=yes highway=secondary surface=paved foot=yes cycleway=no oneway=no",
      "estimated_crossing_class=4",
      "5942",
      "586820"
     ],
     [
      "45013379",
      "41565118",
      "344",
      "52",
      "1650",
      "73",
      "0",
      "0",
      "0",
      "reversedirection=yes highway=secondary surface=paved foot=yes cycleway=no oneway=no",
      "highway=milestone direction=forward",
      "5947",
      "587248"
     ],
     [
      "45013547",
      "41564804",
      "344",
      "38",
      "1650",
      "10",
      "0",
      "0",
      "0",
      "reversedirection=yes highway=secondary surface=paved foot=yes cycleway=no oneway=no",
      "",
      "5950",
      "587593"
     ],
     [
      "45013823",
      "41564384",
      "344",
      "52",
      "1650",
      "0",
      "0",
      "0",
      "0",
      "reversedirection=yes highway=secondary surface=asphalt foot=yes cycleway=no oneway=no",
      "estimated_crossing_class=4",
      "5956",
      "588157"
     ],
     [
      "45014469",
      "41563271",
      "341",
      "135",
      "1650",
      "0",
      "0",
      "0",
      "0",
      "reversedirection=yes highway=secondary surface=asphalt foot=yes cycleway=no oneway=no",
      "estimated_crossing_class=4",
      "5970",
      "589558"
     ],
     [
      "45014784",
      "41562743",
      "340",
      "65",
      "1650",
      "0",
      "0",
      "0",
      "0",
      "reversedirection=yes highway=secondary surface=asphalt foot=yes cycleway=no oneway=no",
      "estimated_crossing_class=4",
      "5978",
      "590348"
     ],
     [
      "45014878",
      "41562609",
      "340",
      "17",
      "1650",
      "0",
      "0",
      "0",
      "0",
      "reversedirection=yes highway=secondary surface=asphalt foot=yes cycleway=no oneway=no",
      "estimated_crossing_class=4",
      "5980",
      "590557"
     ],
     [
      "45016348",
      "41560959",
      "337",
      "221",
      "1650",
      "0",
      "0",
      "0",
      "0",
      "reversedirection=yes highway=secondary surface=asphalt foot=yes cycleway=no oneway=no",
      "estimated_crossing_class=4",
      "6008",
      "593366"
     ],
     [
      "45019128",
      "41558358",
      "337",
      "370",
      "1650",
      "0",
      "0",
      "0",
      "0",
      "reversedirection=yes highway=secondary surface=asphalt foot=yes cycleway=no oneway=no",
      "estimated_crossing_class=4",
      "6065",
      "599107"
     ],
     [
      "45019511",
      "41558000",
      "338",
      "51",
      "1650",
      "0",
      "0",
      "0",
      "0",
      "reversedirection=yes highway=secondary surface=asphalt foot=yes cycleway=no oneway=no",
      "estimated_crossing_class=4",
      "6071",
      "599698"
     ],
     [
      "45019984",
      "41557557",
      "339",
      "63",
      "1650",
      "0",
      "0",
      "0",
      "0",
      "reversedirection=yes highway=secondary surface=asphalt foot=yes cycleway=no oneway=no",
      "estimated_crossing_class=4",
      "6081",
      "600711"
     ],
     [
      "45020184",
      "41557370",
      "340",
      "27",
      "1650",
      "0",
      "0",
      "20",
      "0",
      "reversedirection=yes highway=secondary surface=asphalt foot=yes cycleway=no oneway=no",
      "highway=crossing crossing=traffic_signals",
      "6086",
      "601180"
     ],
     [
      "45020261",
      "41557299",
      "339",
      "10",
      "1650",
      "0",
      "0",
      "0",
      "0",
      "reversedirection=yes highway=secondary surface=asphalt foot=yes cycleway=no oneway=no",
      "estimated_crossing_class=0",
      "6087",
      "601341"
     ],
     [
      "45020301",
      "41557261",
      "339",
      "5",
      "1650",
      "0",
      "0",
      "0",
      "0",
      "reversedirection=yes highway=secondary surface=asphalt foot=yes cycleway=no oneway=no",
      "estimated_crossing_class=0",
      "6088",
      "601423"
     ],
     [
      "45022380",
      "41555317",
      "339",
      "277",
      "1650",
      "0",
      "0",
      "0",
      "0",
      "reversedirection=yes highway=secondary surface=asphalt foot=yes cycleway=no oneway=no",
      "estimated_crossing_class=4",
      "6133",
      "605920"
     ],
     [
      "45023225",
      "41554526",
      "339",
      "113",
      "1650",
      "0",
      "0",
      "0",
      "0",
      "reversedirection=yes highway=secondary surface=asphalt foot=yes cycleway=no oneway=no",
      "estimated_crossing_class=4",
      "6151",
      "607737"
     ],
     [
      "45023301",
      "41554454",
      "339",
      "10",
      "1650",
      "0",
      "0",
      "0",
      "0",
      "reversedirection=yes highway=secondary surface=asphalt foot=yes cycleway=no oneway=no",
      "estimated_crossing_class=4",
      "6153",
      "607902"
     ],
     [
      "45024069",
      "41553737",
      "338",
      "102",
      "1650",
      "0",
      "0",
      "0",
      "0",
      "reversedirection=yes highway=secondary surface=asphalt foot=yes cycleway=no oneway=no",
      "estimated_crossing_class=5",
      "6167",
      "609290"
     ],
     [
      "45024510",
      "41553320",
      "339",
      "59",
      "1650",
      "0",
      "0",
      "0",
      "0",
      "reversedirection=yes highway=secondary surface=asphalt foot=yes cycleway=no oneway=no",
      "estimated_crossing_class=5",
      "6178",
      "610402"
     ],
     [
      "45025449",
      "41552474",
      "339",
      "122",
      "1650",
      "0",
      "0",
      "0",
      "0",
      "reversedirection=yes highway=secondary surface=asphalt foot=yes cycleway=no oneway=no",
      "estimated_crossing_class=5",
      "6200",
      "612633"
     ],
     [
      "45026217",
      "41551820",
      "339",
      "97",
      "1650",
      "0",
      "0",
      "0",
      "0",
      "reversedirection=yes highway=secondary surface=asphalt foot=yes cycleway=no oneway=no",
      "estimated_crossing_class=5",
      "6218",
      "614384"
     ],
     [
      "45027813",
      "41550663",
      "337",
      "185",
      "1650",
      "0",
      "0",
      "0",
      "0",
      "reversedirection=yes highway=secondary surface=asphalt foot=yes cycleway=no oneway=no",
      "estimated_crossing_class=5",
      "6242",
      "616771"
     ],
     [
      "45028023",
      "41550511",
      "337",
      "24",
      "1650",
      "0",
      "0",
      "0",
      "0",
      "reversedirection=yes highway=secondary surface=asphalt foot=yes cycleway=no oneway=no",
      "estimated_crossing_class=5",
      "6245",
      "617141"
     ],
     [
      "45028419",
      "41550231",
      "337",
      "45",
      "1650",
      "0",
      "0",
      "0",
      "0",
      "reversedirection=yes highway=secondary surface=asphalt foot=yes cycleway=no oneway=no",
      "estimated_crossing_class=5",
      "6253",
      "617890"
     ],
     [
      "45028811",
      "41549968",
      "336",
      "44",
      "1650",
      "0",
      "0",
      "0",
      "0",
      "reversedirection=yes highway=secondary surface=asphalt foot=yes cycleway=no oneway=no",
      "",
      "6260",
      "618552"
     ],
     [
      "45028975",
      "41549856",
      "336",
      "18",
      "1650",
      "0",
      "0",
      "0",
      "0",
      "reversedirection=yes highway=secondary surface=asphalt",
      "estimated_crossing_class=5",
      "6262",
      "618831"
     ],
     [
      "45029348",
      "41549599",
      "337",
      "42",
      "1650",
      "0",
      "0",
      "0",
      "0",
      "reversedirection=yes highway=secondary surface=asphalt",
      "estimated_crossing_class=5",
      "6269",
      "619531"
     ],
     [
      "45030170",
      "41549011",
      "337",
      "95",
      "1650",
      "0",
      "0",
      "0",
      "0",
      "reversedirection=yes highway=secondary surface=asphalt",
      "estimated_crossing_class=5",
      "6287",
      "621268"
     ],
     [
      "45030698",
      "41548574",
      "337",
      "66",
      "1650",
      "0",
      "0",
      "0",
      "0",
      "reversedirection=yes highway=secondary surface=asphalt",
      "estimated_crossing_class=5",
      "6298",
      "622363"
     ],
     [
      "45031139",
      "41548235",
      "337",
      "53",
      "1650",
      "0",
      "0",
      "0",
      "0",
      "reversedirection=yes highway=secondary surface=asphalt",
      "estimated_crossing_class=5",
      "6307",
      "623247"
     ],
     [
      "45034295",
      "41544185",
      "333",
      "523",
      "1650",
      "0",
      "1",
      "0",
      "0",
      "reversedirection=yes highway=secondary surface=asphalt",
      "estimated_crossing_class=5",
      "6382",
      "630747"
     ],
     [
      "45036210",
      "41541516",
      "331",
      "337",
      "1650",
      "0",
      "0",
      "0",
      "0",
      "reversedirection=yes highway=secondary surface=asphalt",
      "estimated_crossing_class=5",
      "6427",
      "635343"
     ],
     [
      "45038360",
      "41542556",
      "334",
      "213",
      "1350",
      "0",
      "96",
      "0",
      "0",
      "reversedirection=yes highway=unclassified",
      "",
      "6474",
      "639986"
     ],
     [
      "45039649",
      "41542651",
      "334",
      "115",
      "1350",
      "0",
      "61",
      "0",
      "0",
      "highway=unclassified oneway=yes",
      "",
      "6498",
      "642398"
     ],
     [
      "45046365",
      "41535832",
      "325",
      "943",
      "1350",
      "0",
      "96",
      "0",
      "0",
      "highway=unclassified",
      "",
      "6636",
      "656158"
     ],
     [
      "45054234",
      "41540227",
      "330",
      "820",
      "1350",
      "0",
      "99",
      "0",
      "0",
      "highway=unclassified oneway=yes",
      "",
      "6773",
      "669893"
     ],
     [
      "45057616",
      "41542087",
      "332",
      "350",
      "1350",
      "0",
      "9",
      "0",
      "0",
      "reversedirection=yes highway=unclassified",
      "",
      "6834",
      "676031"
     ],
     [
      "45058241",
      "41542212",
      "332",
      "55",
      "1350",
      "0",
      "3",
      "0",
      "0",
      "highway=unclassified oneway=yes",
      "",
      "6846",
      "677201"
     ],
     [
      "45058364",
      "41542198",
      "332",
      "10",
      "1350",
      "0",
      "0",
      "0",
      "0",
      "highway=unclassified junction=roundabout",
      "",
      "6848",
      "677411"
     ],
     [
      "45059203",
      "41542059",
      "334",
      "73",
      "1350",
      "0",
      "3",
      "0",
      "0",
      "highway=unclassified oneway=yes",
      "",
      "6865",
      "679087"
     ],
     [
      "45067552",
      "41533551",
      "327",
      "1179",
      "1350",
      "0",
      "35",
      "0",
      "0",
      "highway=unclassified",
      "",
      "7051",
      "697672"
     ],
     [
      "45070230",
      "41530310",
      "323",
      "437",
      "5050",
      "0",
      "109",
      "0",
      "0",
      "reversedirection=yes highway=track",
      "",
      "7111",
      "703727"
     ],
     [
      "45071300",
      "41527160",
      "320",
      "399",
      "5050",
      "0",
      "52",
      "0",
      "0",
      "highway=track",
      "",
      "7172",
      "709833"
     ]
    ],
    "times": [
     0,
     3.431,
     4.418,
     6.875,
     13.335,
     20.253,
     21.168,
     23.278,
     28.775,
     30.491,
     30.995,
     34.305,
     38.275,
     40.526,
     41.492,
     42.488,
     44.27,
     49.55,
     50.59,
     59.31,
     63.36,
     67.766,
     70.341,
     72.548,
     73.571,
     75.22,
     76.151,
     79.441,
     79.977,
     80.547,
     84.099,
     98.106,
     101.854,
     102.072,
     105.79,
     107.807,
     112.805,
     122.93,
     130.918,
     131.956,
     137.404,
     138.061,
     140.254,
     141.391,
     142.163,
     142.814,
     147.52,
     161.081,
     162.443,
     163.437,
     163.797,
     168.648,
     173.922,
     175.107,
     188.117,
     190.832,
     191.617,
     191.958,
     192.535,
     193.595,
     194.196,
     195.424,
     196.557,
     201.606,
     202.16,
     204.842,
     212.733,
     213.384,
     214.042,
     214.441,
     216.196,
     219.789,
     220.81,
     221.546,
     222.435,
     223.18,
     223.78,
     224.346,
     225.778,
     226.501,
     228.259,
     234.294,
     238.488,
     239.833,
     240.68,
     241.179,
     243.095,
     244.706,
     245.241,
     246.121,
     247.561,
     258.681,
     262.201,
     265.081,
     265.721,
     267.001,
     268.041,
     268.601,
     268.921,
     269.561,
     287.081,
     294.151,
     295.633,
     296.513,
     299.31,
     301.107,
     303.217,
     304.687,
     306.728,
     315.247,
     344.057,
     346.717,
     349.472,
     380.49,
     385.69,
     388.677,
     389.795,
     396.651,
     399.532,
     402.007,
     407.548,
     421.579,
     423.321,
     435.658,
     444.967,
     453.154,
     461.031,
     470.51,
     472.268,
     477.109,
     486.062,
     489.096,
     492.128,
     492.97,
     495.159,
     497.492,
     523.065,
     527.312,
     529.468,
     532.245,
     532.774,
     533.442,
     534.732,
     535.502,
     537.152,
     539.617,
     557.998,
     559.878,
     561.962,
     565.093,
     570.842,
     573.02,
     579.45,
     590.378,
     594.958,
     598.591,
     606.958,
     612.553,
     626.288,
     626.83,
     634.269,
     640.287,
     644.092,
     646.635,
     648.941,
     653.938,
     664.516,
     665.82,
     676.902,
     693.635,
     694.119,
     723.468,
     743.96,
     752.315,
     759.05,
     764.738,
     773.007,
     773.71,
     774.186,
     774.876,
     780.486,
     794.185,
     795.422,
     799.737,
     802.066,
     810.302,
     822.532,
     831.807,
     837.522,
     837.796,
     840.17,
     844.936,
     848.492,
     848.793,
     860.671,
     869.664,
     879.604,
     897.671,
     899.562,
     906.704,
     913.205,
     915.754,
     917.385,
     948.222,
     949.762,
     967.206,
     973.907,
     982.614,
     1003.739,
     1017.573,
     1034.726,
     1046.892,
     1057.934,
     1063.281,
     1087.276,
     1095.026,
     1121.07,
     1129.578,
     1139.99,
     1151.424,
     1162.291,
     1176.247,
     1178.956,
     1181.96,
     1188.179,
     1190.056,
     1206.938,
     1222.456,
     1237.019,
     1257.569,
     1272.054,
     1278.452,
     1286.905,
     1297.177,
     1310.231,
     1315.998,
     1320.982,
     1324.782,
     1327.586,
     1339.718,
     1347.775,
     1361.388,
     1367.342,
     1373.393,
     1378.921,
     1380.975,
     1383.389,
     1385.103,
     1388.214,
     1398.374,
     1400.296,
     1404.089,
     1407.568,
     1409.442,
     1417.756,
     1422.388,
     1424.759,
     1427.726,
     1432.101,
     1434.452,
     1434.657,
     1439.426,
     1448.517,
     1458.585,
     1470.37,
     1474.573,
     1482.331,
     1486.941,
     1487.984,
     1489.183,
     1491.214,
     1496.605,
     1497.537,
     1499.255,
     1512.338,
     1514.47,
     1518.869,
     1520.476,
     1523.467,
     1525.607,
     1525.986,
     1526.829,
     1527.606,
     1527.903,
     1528.428,
     1535.778,
     1539.265,
     1544.424,
     1553.588,
     1560.675,
     1565.81,
     1569.973,
     1582.8,
     1586.214,
     1589.707,
     1591.392,
     1593.532,
     1596.45,
     1599.77,
     1603.594,
     1619.543,
     1624.464,
     1635.58,
     1641.837,
     1645.963,
     1655.698,
     1658.131,
     1660.257,
     1670.979,
     1686.888,
     1693.401,
     1711.846,
     1716.825,
     1720.654,
     1721.987,
     1734.396,
     1744.664,
     1746.259,
     1747.842,
     1769.062,
     1784.647,
     1801.3,
     1811.255,
     1813.358,
     1817.622,
     1823.113,
     1824.865,
     1828.999,
     1831.711,
     1838.012,
     1840.508,
     1849.021,
     1850.348,
     1852.409,
     1853.64,
     1858.849,
     1860.625,
     1869.488,
     1873.1,
     1874.132,
     1875.498,
     1880.985,
     1881.854,
     1889.401,
     1892.39,
     1893.13,
     1894.05,
     1895.879,
     1897.409,
     1898.523,
     1900.956,
     1909.344,
     1911.466,
     1912.538,
     1917.156,
     1919.776,
     1921.033,
     1931.523,
     1932.465,
     1935.507,
     1937.177,
     1937.97,
     1939.46,
     1940.469,
     1946.069,
     1949.312,
     1949.756,
     1950.463,
     1950.917,
     1954.455,
     1956.831,
     1957.457,
     1958.175,
     1959.191,
     1959.998,
     1964.958,
     1966.246,
     1970.326,
     1970.646,
     1980.867,
     1991.693,
     1996.566,
     2001.573,
     2004.834,
     2009.917,
     2016.083,
     2018.205,
     2021.985,
     2030.703,
     2036.911,
     2069.27,
     2071.319,
     2072.001,
     2073.024,
     2074.046,
     2075.237,
     2075.747,
     2076.257,
     2078.387,
     2079.917,
     2080.864,
     2082.182,
     2084.102,
     2087.227,
     2087.4,
     2089.818,
     2091.712,
     2100.267,
     2104.842,
     2120.373,
     2123.443,
     2133.402,
     2140.508,
     2143.759,
     2147.962,
     2153.828,
     2179.118,
     2202.474,
     2208.27,
     2228.552,
     2232.657,
     2239.925,
     2244.201,
     2249.812,
     2260.662,
     2266.599,
     2272.037,
     2289.664,
     2292.531,
     2293.773,
     2294.992,
     2296.426,
     2298.063,
     2298.981,
     2301.855,
     2330.846,
     2353.827,
     2354.582,
     2355.459,
     2357.155,
     2357.884,
     2360.047,
     2360.996,
     2369.547,
     2370.122,
     2372.875,
     2379.128,
     2385.842,
     2388.701,
     2390.224,
     2391.497,
     2392.985,
     2394.117,
     2394.931,
     2397.034,
     2398.487,
     2399.783,
     2402.917,
     2406.593,
     2410.488,
     2412.419,
     2414.218,
     2415.695,
     2422.469,
     2424.538,
     2425.515,
     2428.7,
     2434.645,
     2435.118,
     2437.497,
     2445.064,
     2449.823,
     2456.088,
     2459.117,
     2463.694,
     2466.576,
     2472.666,
     2479.775,
     2483.937,
     2487.506,
     2490.275,
     2496.574,
     2497.631,
     2498.087,
     2502.907,
     2505.613,
     2509.329,
     2512.332,
     2514.629,
     2524.272,
     2525.647,
     2529.846,
     2531.549,
     2532.486,
     2533.437,
     2534.677,
     2542.417,
     2549.086,
     2552.619,
     2553.446,
     2554.019,
     2554.574,
     2560.144,
     2563.5,
     2564.191,
     2565.557,
     2567.448,
     2569.288,
     2571.873,
     2575.841,
     2577.941,
     2582.173,
     2584.011,
     2584.64,
     2585.335,
     2585.926,
     2586.835,
     2588.075,
     2588.836,
     2590.231,
     2592.649,
     2595.29,
     2596.101,
     2597.361,
     2600.142,
     2601.987,
     2605.886,
     2608.501,
     2614.983,
     2617.194,
     2618.54,
     2635.016,
     2644.128,
     2645.981,
     2648.792,
     2653.159,
     2656.8,
     2662.885,
     2663.333,
     2670.427,
     2676.375,
     2679.363,
     2681.766,
     2683.595,
     2688.095,
     2695.186,
     2699.05,
     2702.217,
     2718.895,
     2734.262,
     2738.418,
     2739.487,
     2740.902,
     2742.026,
     2743.118,
     2744.064,
     2754.451,
     2755.684,
     2757.144,
     2761.982,
     2784.584,
     2785.611,
     2786.871,
     2787.661,
     2788.219,
     2789.422,
     2789.637,
     2790.18,
     2796.223,
     2798.095,
     2802.897,
     2817.5,
     2823.838,
     2825.443,
     2827.526,
     2841.902,
     2853.849,
     2874.469,
     2887.459,
     2893.55,
     2897.196,
     2911.771,
     2917.763,
     2920.448,
     2921.97,
     2923.806,
     2930.458,
     2942.451,
     2945.95,
     2952.886,
     2963.726,
     2968.328,
     2972.713,
     2973.93,
     2975.947,
     2977.446,
     2984.11,
     2987.21,
     2990.765,
     2991.691,
     2993.396,
     3000.07,
     3008.154,
     3029.844,
     3034.889,
     3052.962,
     3072.044,
     3073.751,
     3075.92,
     3079.391,
     3093.092,
     3100.248,
     3108.24,
     3115.226,
     3122.638,
     3123.77,
     3126.085,
     3130.976,
     3131.753,
     3135.296,
     3142.465,
     3147.133,
     3149.976,
     3154.305,
     3158.914,
     3162.625,
     3164.911,
     3179.413,
     3194.111,
     3232.104,
     3243.811,
     3261.478,
     3263.194,
     3264.116,
     3264.748,
     3266.468,
     3277.572,
     3290.073,
     3292.979,
     3294.399,
     3298.385,
     3303.431,
     3305.863,
     3306.678,
     3307.47,
     3312.14,
     3313.929,
     3315.665,
     3319.11,
     3331.3,
     3333.277,
     3335.003,
     3337.253,
     3340.388,
     3342.105,
     3343.54,
     3345.458,
     3362.291,
     3367.677,
     3370.419,
     3373.111,
     3391.926,
     3395.161,
     3399.313,
     3404.167,
     3417.36,
     3442.09,
     3473.885,
     3478.274,
     3482.705,
     3486.64,
     3491.401,
     3501.702,
     3541.958,
     3553.123,
     3558.145,
     3565.474,
     3637.334,
     3642.771,
     3646.265,
     3650.967,
     3654.082,
     3670.251,
     3712.532,
     3766.416,
     3769.569,
     3799.416,
     3855.076,
     3874.488,
     3927.611,
     3929.238,
     3933.204,
     3958.234,
     3963.211,
     3967.93,
     3969.728,
     3978.349,
     4014.104,
     4025.387,
     4042.376,
     4047.882,
     4084.068,
     4121.74,
     4144.301,
     4147.586,
     4193.418,
     4208.605,
     4211.068,
     4220.529,
     4237.549,
     4258.856,
     4263.78,
     4275.866,
     4287.035,
     4296.493,
     4298.082,
     4299.705,
     4300.104,
     4303.396,
     4305.237,
     4309.51,
     4311.328,
     4312.076,
     4316.582,
     4318.478,
     4319.255,
     4320.575,
     4322.242,
     4326.775,
     4332.576,
     4335.643,
     4338.133,
     4345.917,
     4348.985,
     4355.152,
     4361.129,
     4363.81,
     4369.759,
     4373.055,
     4377.033,
     4385.502,
     4390.312,
     4396.933,
     4400.27,
     4405.286,
     4409.861,
     4413.163,
     4422.152,
     4426.654,
     4430.507,
     4440.829,
     4450.01,
     4457.82,
     4464.881,
     4474.303,
     4494.259,
     4500.686,
     4506.636,
     4517.963,
     4523.708,
     4528.733,
     4533.912,
     4536.863,
     4549.392,
     4555.647,
     4562.828,
     4575.827,
     4594.589,
     4595.655,
     4597.953,
     4613.414,
     4629.48,
     4631.714,
     4638.724,
     4647.006,
     4679.938,
     4686.149,
     4696.289,
     4702.741,
     4708.867,
     4722.025,
     4724.639,
     4733.674,
     4743.382,
     4767.466,
     4775.062,
     4780.285,
     4784.908,
     4797.103,
     4808.942,
     4817.328,
     4821.038,
     4826.11,
     4829.495,
     4835.041,
     4838.302,
     4845.671,
     4853.172,
     4855.542,
     4860.487,
     4872.58,
     4875.396,
     4879.521,
     4889.392,
     4893.238,
     4903.658,
     4904.113,
     4927.603,
     4930.411,
     4941.345,
     4949.674,
     4953.393,
     4962.778,
     4974.428,
     4975.79,
     4982.56,
     4987.338,
     5007.918,
     5023.605,
     5045.885,
     5060.386,
     5063.413,
     5066.236,
     5097.407,
     5115.142,
     5123.397,
     5126.18,
     5129.797,
     5134.257,
     5146.739,
     5155.627,
     5162.798,
     5208.3,
     5216.782,
     5222.843,
     5225.631,
     5233.661,
     5240.359,
     5247.224,
     5255.897,
     5268.3,
     5280.956,
     5321.213,
     5336.85,
     5351.995,
     5373.861,
     5469.442,
     5489.528,
     5523.919,
     5549.592,
     5563.505,
     5575.207,
     5586.713,
     5599.02,
     5652.489,
     5670.887,
     5693.49,
     5696.962,
     5759.914,
     5768.297,
     5776.693,
     5787.138,
     5795.721,
     5801.988,
     5811.645,
     5820.008,
     5824.397,
     5832.381,
     5837.997,
     5842.652,
     5849.936,
     5854.176,
     5861.616,
     5866.416,
     5869.216,
     5871.616,
     5872.816,
     5874.096,
     5876.256,
     5881.615,
     5887.841,
     5892.156,
     5900.311,
     5907.047,
     5911.847,
     5916.087,
     5929.207,
     5937.927,
     5941.411,
     5942.757,
     5947.036,
     5950.49,
     5953.396,
     5956.123,
     5970.132,
     5976.783,
     5978.032,
     5980.121,
     5982.224,
     5990.603,
     6004.871,
     6008.211,
     6065.619,
     6071.524,
     6081.662,
     6086.345,
     6087.963,
     6088.774,
     6133.75,
     6151.922,
     6153.564,
     6167.448,
     6171.331,
     6178.562,
     6189.093,
     6200.879,
     6218.381,
     6242.256,
     6245.955,
     6253.449,
     6260.063,
     6262.85,
     6269.855,
     6287.226,
     6298.173,
     6307.015,
     6313.431,
     6315.445,
     6317.69,
     6341.645,
     6382.001,
     6427.955,
     6445.261,
     6450.962,
     6474.38,
     6479.589,
     6484.274,
     6492.877,
     6495.343,
     6498.492,
     6543.055,
     6588.012,
     6599.953,
     6633.79,
     6636.054,
     6669.828,
     6709.74,
     6719.501,
     6737.177,
     6740.592,
     6769.206,
     6773.405,
     6828.527,
     6834.778,
     6839.303,
     6841.436,
     6843.885,
     6846.476,
     6848.579,
     6855.854,
     6859.711,
     6863.185,
     6865.333,
     6967.652,
     7008.228,
     7048.936,
     7049.924,
     7051.156,
     7055.935,
     7059.288,
     7062.424,
     7065.689,
     7073.951,
     7085.918,
     7103.741,
     7106.701,
     7111.682,
     7120,
     7123.887,
     7136.158,
     7139.82,
     7153.365,
     7157.134,
     7164.725,
     7167.618,
     7171.298,
     7172.738
    ]
   },
   "geometry": {
    "type": "LineString",
    "coordinates": [
     [
      44.759939,
      41.729889,
      477.5
     ],
     [
      44.759739,
      41.729952,
      478
     ],
     [
      44.759713,
      41.729897,
      477.5
     ],
     [
      44.759867,
      41.729853,
      477.75
     ],
     [
      44.760482,
      41.72965,
      475.5
     ],
     [
      44.760955,
      41.729494,
      473.5
     ],
     [
      44.761018,
      41.729473,
      473.25
     ],
     [
      44.761208,
      41.729412,
      472.25
     ],
     [
      44.761806,
      41.729211,
      470.25
     ],
     [
      44.761999,
      41.729153,
      469.5
     ],
     [
      44.76206,
      41.729135,
      469.25
     ],
     [
      44.762502,
      41.729178,
      467.75
     ],
     [
      44.763021,
      41.729224,
      466.75
     ],
     [
      44.763297,
      41.729251,
      466.25
     ],
     [
      44.763414,
      41.729264,
      465.75
     ],
     [
      44.763546,
      41.729278,
      465
     ],
     [
      44.763811,
      41.729306,
      463.5
     ],
     [
      44.764595,
      41.729389,
      459.5
     ],
     [
      44.764751,
      41.729406,
      459
     ],
     [
      44.766046,
      41.729537,
      455.75
     ],
     [
      44.766511,
      41.72958,
      455.5
     ],
     [
      44.767019,
      41.729628,
      454.5
     ],
     [
      44.767323,
      41.729658,
      453.5
     ],
     [
      44.767585,
      41.729681,
      453
     ],
     [
      44.767709,
      41.729691,
      452.75
     ],
     [
      44.767894,
      41.729708,
      452.5
     ],
     [
      44.767999,
      41.729716,
      452.25
     ],
     [
      44.768392,
      41.729753,
      451.5
     ],
     [
      44.768456,
      41.729749,
      451.5
     ],
     [
      44.768496,
      41.729719,
      451.75
     ],
     [
      44.768686,
      41.729523,
      452.25
     ],
     [
      44.769287,
      41.728904,
      453
     ],
     [
      44.769552,
      41.728631,
      453.25
     ],
     [
      44.76956,
      41.728611,
      453.25
     ],
     [
      44.769785,
      41.728389,
      453.5
     ],
     [
      44.769895,
      41.728281,
      453.75
     ],
     [
      44.770124,
      41.728055,
      454.25
     ],
     [
      44.770517,
      41.727667,
      455
     ],
     [
      44.770819,
      41.727369,
      455.25
     ],
     [
      44.770864,
      41.727328,
      455
     ],
     [
      44.771155,
      41.727028,
      453.75
     ],
     [
      44.771193,
      41.726988,
      453.5
     ],
     [
      44.771319,
      41.726858,
      453
     ],
     [
      44.771395,
      41.726802,
      453
     ],
     [
      44.771448,
      41.726759,
      453
     ],
     [
      44.771493,
      41.726784,
      453
     ],
     [
      44.771804,
      41.726963,
      453.25
     ],
     [
      44.772592,
      41.727447,
      450.5
     ],
     [
      44.7727,
      41.727475,
      449.75
     ],
     [
      44.772801,
      41.727474,
      449.25
     ],
     [
      44.772834,
      41.727459,
      449
     ],
     [
      44.773142,
      41.727186,
      448.75
     ],
     [
      44.773459,
      41.72688,
      448.25
     ],
     [
      44.773528,
      41.726805,
      447.75
     ],
     [
      44.774366,
      41.725952,
      446
     ],
     [
      44.77456,
      41.725755,
      447.25
     ],
     [
      44.774592,
      41.725694,
      447.5
     ],
     [
      44.774604,
      41.725667,
      447.5
     ],
     [
      44.774637,
      41.725631,
      447.5
     ],
     [
      44.774709,
      41.725576,
      447.5
     ],
     [
      44.774763,
      41.725548,
      447.5
     ],
     [
      44.77486,
      41.725491,
      447.5
     ],
     [
      44.774932,
      41.725435,
      447.5
     ],
     [
      44.7752,
      41.725155,
      447.5
     ],
     [
      44.775236,
      41.725126,
      447.5
     ],
     [
      44.775421,
      41.725014,
      447.25
     ],
     [
      44.775883,
      41.724518,
      446
     ],
     [
      44.775929,
      41.724545,
      446
     ],
     [
      44.775988,
      41.724534,
      446
     ],
     [
      44.776027,
      41.724526,
      446
     ],
     [
      44.77616,
      41.724471,
      446
     ],
     [
      44.776349,
      41.724268,
      445.75
     ],
     [
      44.77641,
      41.724222,
      446
     ],
     [
      44.776466,
      41.724205,
      446
     ],
     [
      44.776536,
      41.724199,
      446
     ],
     [
      44.776593,
      41.724207,
      446
     ],
     [
      44.776641,
      41.724225,
      446
     ],
     [
      44.776677,
      41.724247,
      445.75
     ],
     [
      44.776748,
      41.724318,
      445.75
     ],
     [
      44.776771,
      41.724361,
      445.75
     ],
     [
      44.776802,
      41.724466,
      445.75
     ],
     [
      44.776691,
      41.724814,
      445.75
     ],
     [
      44.776641,
      41.725077,
      445.25
     ],
     [
      44.776642,
      41.725189,
      444
     ],
     [
      44.776699,
      41.725245,
      443.5
     ],
     [
      44.776748,
      41.725271,
      443
     ],
     [
      44.776886,
      41.725335,
      441.5
     ],
     [
      44.777066,
      41.725406,
      439.25
     ],
     [
      44.777137,
      41.725423,
      438.5
     ],
     [
      44.777265,
      41.725435,
      437.25
     ],
     [
      44.77748,
      41.725416,
      436
     ],
     [
      44.779113,
      41.725151,
      431
     ],
     [
      44.779633,
      41.725066,
      428
     ],
     [
      44.780061,
      41.725012,
      424.75
     ],
     [
      44.780159,
      41.724998,
      423.5
     ],
     [
      44.780345,
      41.724977,
      421.25
     ],
     [
      44.780498,
      41.724974,
      419
     ],
     [
      44.780585,
      41.724985,
      417.5
     ],
     [
      44.780636,
      41.724998,
      417.25
     ],
     [
      44.780728,
      41.725021,
      417
     ],
     [
      44.78312,
      41.725853,
      411.5
     ],
     [
      44.783681,
      41.726035,
      411.5
     ],
     [
      44.783785,
      41.726068,
      412
     ],
     [
      44.783843,
      41.726076,
      412.25
     ],
     [
      44.784004,
      41.726031,
      412.75
     ],
     [
      44.784096,
      41.726014,
      413.25
     ],
     [
      44.7842,
      41.726023,
      413.5
     ],
     [
      44.784273,
      41.726037,
      413.75
     ],
     [
      44.784357,
      41.726064,
      414
     ],
     [
      44.784716,
      41.726201,
      414.25
     ],
     [
      44.785819,
      41.726621,
      416
     ],
     [
      44.785943,
      41.726668,
      416
     ],
     [
      44.786066,
      41.726717,
      416.25
     ],
     [
      44.787579,
      41.727298,
      417
     ],
     [
      44.787824,
      41.727392,
      417.75
     ],
     [
      44.787965,
      41.727452,
      418
     ],
     [
      44.788016,
      41.727473,
      418
     ],
     [
      44.788279,
      41.727585,
      419
     ],
     [
      44.788389,
      41.727631,
      419.5
     ],
     [
      44.788448,
      41.727565,
      419.5
     ],
     [
      44.788556,
      41.727419,
      420
     ],
     [
      44.788789,
      41.727049,
      421
     ],
     [
      44.788822,
      41.726997,
      421.25
     ],
     [
      44.789019,
      41.726692,
      422.25
     ],
     [
      44.78917,
      41.726455,
      423
     ],
     [
      44.789305,
      41.726226,
      423.25
     ],
     [
      44.789448,
      41.725987,
      423.5
     ],
     [
      44.789664,
      41.725661,
      423.5
     ],
     [
      44.789706,
      41.725593,
      423.5
     ],
     [
      44.78985,
      41.725383,
      423
     ],
     [
      44.790162,
      41.72492,
      422.25
     ],
     [
      44.790257,
      41.724778,
      422.5
     ],
     [
      44.790357,
      41.724632,
      422.5
     ],
     [
      44.790389,
      41.724589,
      422.5
     ],
     [
      44.790469,
      41.724486,
      422.5
     ],
     [
      44.790551,
      41.724382,
      422.75
     ],
     [
      44.791405,
      41.723058,
      422
     ],
     [
      44.79157,
      41.722802,
      421
     ],
     [
      44.791694,
      41.722671,
      420.25
     ],
     [
      44.791819,
      41.722482,
      420
     ],
     [
      44.791843,
      41.722446,
      420.25
     ],
     [
      44.791876,
      41.722409,
      420.25
     ],
     [
      44.791964,
      41.722356,
      420.5
     ],
     [
      44.791992,
      41.72232,
      420.75
     ],
     [
      44.792038,
      41.722241,
      421
     ],
     [
      44.792118,
      41.722126,
      421.25
     ],
     [
      44.792681,
      41.721221,
      421
     ],
     [
      44.792743,
      41.721122,
      420.75
     ],
     [
      44.792812,
      41.721009,
      420.5
     ],
     [
      44.792929,
      41.720822,
      420
     ],
     [
      44.793132,
      41.72048,
      419.75
     ],
     [
      44.793214,
      41.720346,
      419.5
     ],
     [
      44.793447,
      41.71996,
      419.25
     ],
     [
      44.7937,
      41.719542,
      421
     ],
     [
      44.793792,
      41.719389,
      421.75
     ],
     [
      44.793862,
      41.719271,
      422.25
     ],
     [
      44.794071,
      41.71895,
      421.75
     ],
     [
      44.794272,
      41.718641,
      420.5
     ],
     [
      44.794892,
      41.717651,
      418
     ],
     [
      44.794916,
      41.717616,
      418
     ],
     [
      44.795209,
      41.717156,
      417.5
     ],
     [
      44.795425,
      41.716815,
      417.5
     ],
     [
      44.795554,
      41.716619,
      417.75
     ],
     [
      44.795632,
      41.716507,
      418.25
     ],
     [
      44.795697,
      41.716408,
      418.5
     ],
     [
      44.795828,
      41.71621,
      418.75
     ],
     [
      44.796109,
      41.715813,
      419.25
     ],
     [
      44.796144,
      41.715758,
      419
     ],
     [
      44.796523,
      41.71519,
      418.25
     ],
     [
      44.797129,
      41.714345,
      418
     ],
     [
      44.797145,
      41.714322,
      418
     ],
     [
      44.797972,
      41.713195,
      419.5
     ],
     [
      44.798584,
      41.712362,
      420
     ],
     [
      44.798881,
      41.71195,
      419.5
     ],
     [
      44.799104,
      41.711641,
      419.75
     ],
     [
      44.799337,
      41.711318,
      418.75
     ],
     [
      44.799777,
      41.710709,
      416.5
     ],
     [
      44.79981,
      41.710664,
      416.25
     ],
     [
      44.799831,
      41.710634,
      416.25
     ],
     [
      44.799866,
      41.710587,
      416
     ],
     [
      44.800169,
      41.710156,
      414.75
     ],
     [
      44.800759,
      41.709316,
      414.75
     ],
     [
      44.800806,
      41.70925,
      415
     ],
     [
      44.800951,
      41.709044,
      415.25
     ],
     [
      44.801029,
      41.708934,
      415.25
     ],
     [
      44.80133,
      41.708521,
      415
     ],
     [
      44.801795,
      41.707874,
      414.5
     ],
     [
      44.802184,
      41.707342,
      413.75
     ],
     [
      44.80244,
      41.706991,
      413
     ],
     [
      44.802453,
      41.706973,
      413
     ],
     [
      44.802567,
      41.706836,
      412.75
     ],
     [
      44.802795,
      41.706563,
      412.5
     ],
     [
      44.802949,
      41.706379,
      412.75
     ],
     [
      44.802963,
      41.706361,
      412.75
     ],
     [
      44.803415,
      41.705797,
      413
     ],
     [
      44.803789,
      41.705337,
      412.5
     ],
     [
      44.804171,
      41.704851,
      412.5
     ],
     [
      44.804877,
      41.705205,
      414.75
     ],
     [
      44.80496,
      41.705247,
      415
     ],
     [
      44.805226,
      41.705356,
      416
     ],
     [
      44.805441,
      41.705445,
      417
     ],
     [
      44.805537,
      41.705425,
      417.25
     ],
     [
      44.805588,
      41.70541,
      417.5
     ],
     [
      44.806861,
      41.70558,
      421.25
     ],
     [
      44.806928,
      41.705589,
      421.75
     ],
     [
      44.807199,
      41.705026,
      419.5
     ],
     [
      44.807402,
      41.704855,
      420.25
     ],
     [
      44.807673,
      41.704511,
      422.5
     ],
     [
      44.808004,
      41.704164,
      427
     ],
     [
      44.808277,
      41.70405,
      429.5
     ],
     [
      44.808574,
      41.703865,
      431
     ],
     [
      44.808796,
      41.703709,
      431.75
     ],
     [
      44.809012,
      41.703558,
      432.25
     ],
     [
      44.809136,
      41.703506,
      433
     ],
     [
      44.809526,
      41.703432,
      437.75
     ],
     [
      44.809625,
      41.703373,
      439
     ],
     [
      44.809926,
      41.703035,
      439.25
     ],
     [
      44.810061,
      41.702938,
      440.25
     ],
     [
      44.810221,
      41.702804,
      441
     ],
     [
      44.810383,
      41.702652,
      442
     ],
     [
      44.810524,
      41.702499,
      443
     ],
     [
      44.810697,
      41.702233,
      443
     ],
     [
      44.810747,
      41.70218,
      443.25
     ],
     [
      44.81081,
      41.702138,
      444
     ],
     [
      44.810942,
      41.70207,
      445
     ],
     [
      44.810985,
      41.702063,
      445.25
     ],
     [
      44.811298,
      41.702017,
      448
     ],
     [
      44.811563,
      41.701905,
      449.5
     ],
     [
      44.811802,
      41.701726,
      449.75
     ],
     [
      44.812177,
      41.701426,
      450.5
     ],
     [
      44.812451,
      41.701204,
      451.75
     ],
     [
      44.812616,
      41.701081,
      451.5
     ],
     [
      44.81298,
      41.700865,
      450.25
     ],
     [
      44.813396,
      41.700671,
      448.25
     ],
     [
      44.814027,
      41.70039,
      448.25
     ],
     [
      44.814308,
      41.70028,
      448.75
     ],
     [
      44.814532,
      41.700203,
      449.25
     ],
     [
      44.814684,
      41.700102,
      449.25
     ],
     [
      44.814569,
      41.699963,
      448
     ],
     [
      44.814363,
      41.699425,
      449
     ],
     [
      44.814232,
      41.699084,
      449.5
     ],
     [
      44.81406,
      41.698547,
      450.25
     ],
     [
      44.814,
      41.698347,
      451.25
     ],
     [
      44.81392,
      41.698079,
      450.5
     ],
     [
      44.813801,
      41.697756,
      449.5
     ],
     [
      44.813739,
      41.697626,
      449
     ],
     [
      44.813644,
      41.697466,
      448.5
     ],
     [
      44.813553,
      41.697348,
      447.75
     ],
     [
      44.813376,
      41.697107,
      446.5
     ],
     [
      44.813724,
      41.696626,
      445.5
     ],
     [
      44.813799,
      41.696526,
      445
     ],
     [
      44.813977,
      41.696223,
      442.75
     ],
     [
      44.814135,
      41.695862,
      440
     ],
     [
      44.814214,
      41.695685,
      439.5
     ],
     [
      44.814424,
      41.694816,
      436.75
     ],
     [
      44.814518,
      41.694353,
      434.75
     ],
     [
      44.814573,
      41.694118,
      433.75
     ],
     [
      44.814664,
      41.69384,
      433
     ],
     [
      44.814768,
      41.69344,
      432.25
     ],
     [
      44.81482,
      41.69324,
      431.75
     ],
     [
      44.814846,
      41.693231,
      431.5
     ],
     [
      44.815312,
      41.69306,
      431.5
     ],
     [
      44.815974,
      41.692811,
      432.25
     ],
     [
      44.816824,
      41.692495,
      434
     ],
     [
      44.817559,
      41.692186,
      434.75
     ],
     [
      44.817452,
      41.691946,
      434.25
     ],
     [
      44.81724,
      41.691411,
      433
     ],
     [
      44.817137,
      41.691054,
      431.75
     ],
     [
      44.817106,
      41.690974,
      431.5
     ],
     [
      44.817054,
      41.690884,
      431
     ],
     [
      44.817231,
      41.690801,
      431.25
     ],
     [
      44.817639,
      41.690608,
      431.5
     ],
     [
      44.817709,
      41.690575,
      431.25
     ],
     [
      44.817849,
      41.690508,
      430.75
     ],
     [
      44.818661,
      41.690113,
      428.75
     ],
     [
      44.818797,
      41.690047,
      428.75
     ],
     [
      44.819188,
      41.689857,
      426.75
     ],
     [
      44.819339,
      41.689784,
      426
     ],
     [
      44.819675,
      41.68962,
      424.25
     ],
     [
      44.819918,
      41.689502,
      423.25
     ],
     [
      44.819955,
      41.68948,
      423.25
     ],
     [
      44.820047,
      41.68943,
      423
     ],
     [
      44.820123,
      41.689389,
      423
     ],
     [
      44.820155,
      41.689371,
      423
     ],
     [
      44.820205,
      41.689343,
      423.25
     ],
     [
      44.820844,
      41.688984,
      422.75
     ],
     [
      44.821131,
      41.688822,
      422.25
     ],
     [
      44.821586,
      41.688566,
      421.25
     ],
     [
      44.822136,
      41.688256,
      425.5
     ],
     [
      44.822526,
      41.688037,
      428.75
     ],
     [
      44.822683,
      41.687948,
      428.25
     ],
     [
      44.822829,
      41.687866,
      428
     ],
     [
      44.823306,
      41.687597,
      428.25
     ],
     [
      44.823469,
      41.687534,
      428.25
     ],
     [
      44.823635,
      41.687475,
      428.5
     ],
     [
      44.823709,
      41.687456,
      428.75
     ],
     [
      44.823803,
      41.687433,
      429.25
     ],
     [
      44.823915,
      41.687411,
      429.75
     ],
     [
      44.824144,
      41.687383,
      431
     ],
     [
      44.82428,
      41.687373,
      430.75
     ],
     [
      44.825106,
      41.687367,
      429.75
     ],
     [
      44.825453,
      41.687399,
      429
     ],
     [
      44.826286,
      41.687399,
      428.75
     ],
     [
      44.826672,
      41.687396,
      429.5
     ],
     [
      44.826886,
      41.687394,
      430.25
     ],
     [
      44.827475,
      41.68739,
      433
     ],
     [
      44.827623,
      41.687389,
      433.25
     ],
     [
      44.827748,
      41.687389,
      433.5
     ],
     [
      44.828287,
      41.68739,
      434.25
     ],
     [
      44.828885,
      41.687391,
      433.25
     ],
     [
      44.829241,
      41.687391,
      432.5
     ],
     [
      44.830436,
      41.687394,
      432.25
     ],
     [
      44.830801,
      41.687394,
      432
     ],
     [
      44.831075,
      41.687395,
      432
     ],
     [
      44.831166,
      41.687389,
      432
     ],
     [
      44.832208,
      41.687273,
      431
     ],
     [
      44.833167,
      41.687167,
      429.75
     ],
     [
      44.833315,
      41.687151,
      429.5
     ],
     [
      44.83344,
      41.687137,
      429.75
     ],
     [
      44.834549,
      41.687014,
      432
     ],
     [
      44.835332,
      41.686918,
      433
     ],
     [
      44.836144,
      41.686826,
      434
     ],
     [
      44.836751,
      41.686751,
      433.75
     ],
     [
      44.836897,
      41.686733,
      433.5
     ],
     [
      44.837204,
      41.686694,
      433.25
     ],
     [
      44.837772,
      41.686624,
      431.25
     ],
     [
      44.837962,
      41.686601,
      430.5
     ],
     [
      44.838267,
      41.686563,
      429
     ],
     [
      44.838519,
      41.686532,
      428
     ],
     [
      44.839291,
      41.686389,
      425.25
     ],
     [
      44.839562,
      41.686349,
      425
     ],
     [
      44.840286,
      41.686241,
      425.75
     ],
     [
      44.840291,
      41.686157,
      425.75
     ],
     [
      44.840311,
      41.686045,
      426
     ],
     [
      44.840314,
      41.685925,
      426.25
     ],
     [
      44.840289,
      41.685488,
      426.25
     ],
     [
      44.840323,
      41.685351,
      426.25
     ],
     [
      44.840288,
      41.684615,
      424.75
     ],
     [
      44.840276,
      41.684323,
      424
     ],
     [
      44.840272,
      41.684238,
      423.75
     ],
     [
      44.840408,
      41.684228,
      424
     ],
     [
      44.840816,
      41.684216,
      425
     ],
     [
      44.840875,
      41.684216,
      425.25
     ],
     [
      44.841348,
      41.684194,
      425.75
     ],
     [
      44.841539,
      41.684173,
      425.75
     ],
     [
      44.841585,
      41.684158,
      425.75
     ],
     [
      44.841641,
      41.684139,
      425.75
     ],
     [
      44.841742,
      41.684086,
      425.75
     ],
     [
      44.841788,
      41.684012,
      425.5
     ],
     [
      44.84182,
      41.683949,
      425.25
     ],
     [
      44.841882,
      41.683794,
      424.5
     ],
     [
      44.842063,
      41.683332,
      422
     ],
     [
      44.842114,
      41.683208,
      421.75
     ],
     [
      44.842138,
      41.683152,
      421.75
     ],
     [
      44.84226,
      41.682865,
      421.25
     ],
     [
      44.842301,
      41.682708,
      421.25
     ],
     [
      44.842327,
      41.682629,
      421
     ],
     [
      44.842538,
      41.681716,
      418
     ],
     [
      44.842538,
      41.68164,
      417.75
     ],
     [
      44.842486,
      41.681373,
      416.5
     ],
     [
      44.842451,
      41.681226,
      415.75
     ],
     [
      44.842435,
      41.681152,
      415.5
     ],
     [
      44.842435,
      41.681006,
      414.75
     ],
     [
      44.842454,
      41.680905,
      414.25
     ],
     [
      44.842576,
      41.680278,
      411
     ],
     [
      44.842634,
      41.679927,
      409.5
     ],
     [
      44.842634,
      41.679882,
      409.25
     ],
     [
      44.842593,
      41.679817,
      409
     ],
     [
      44.842543,
      41.679789,
      409
     ],
     [
      44.842126,
      41.679663,
      408.75
     ],
     [
      44.841865,
      41.679585,
      408.5
     ],
     [
      44.841813,
      41.679553,
      408.25
     ],
     [
      44.841774,
      41.679501,
      408
     ],
     [
      44.841749,
      41.679415,
      407.75
     ],
     [
      44.841758,
      41.679341,
      407.5
     ],
     [
      44.841916,
      41.6788,
      404
     ],
     [
      44.84191,
      41.67866,
      402.75
     ],
     [
      44.84183,
      41.678205,
      399.25
     ],
     [
      44.841876,
      41.678199,
      399.25
     ],
     [
      44.843209,
      41.678013,
      398.25
     ],
     [
      44.84418,
      41.677869,
      398.5
     ],
     [
      44.844584,
      41.677799,
      398.25
     ],
     [
      44.845052,
      41.677692,
      397.25
     ],
     [
      44.845354,
      41.677599,
      396.75
     ],
     [
      44.845778,
      41.677515,
      397
     ],
     [
      44.846234,
      41.677463,
      397.5
     ],
     [
      44.846484,
      41.677438,
      398
     ],
     [
      44.84684,
      41.677441,
      398.75
     ],
     [
      44.847464,
      41.677473,
      399.75
     ],
     [
      44.847901,
      41.677499,
      399.75
     ],
     [
      44.849771,
      41.677539,
      401.25
     ],
     [
      44.849918,
      41.67753,
      401
     ],
     [
      44.84997,
      41.677534,
      401
     ],
     [
      44.850036,
      41.677549,
      401
     ],
     [
      44.850093,
      41.677579,
      401
     ],
     [
      44.850171,
      41.677577,
      401
     ],
     [
      44.850198,
      41.677595,
      401
     ],
     [
      44.850212,
      41.677618,
      401
     ],
     [
      44.850221,
      41.677721,
      401.5
     ],
     [
      44.850294,
      41.677768,
      401.5
     ],
     [
      44.850341,
      41.677788,
      401.5
     ],
     [
      44.850416,
      41.677806,
      401.5
     ],
     [
      44.850542,
      41.677818,
      401.25
     ],
     [
      44.850754,
      41.677826,
      401.25
     ],
     [
      44.850763,
      41.677824,
      401.25
     ],
     [
      44.850922,
      41.677791,
      401.25
     ],
     [
      44.851049,
      41.677752,
      401.25
     ],
     [
      44.851598,
      41.67757,
      401.25
     ],
     [
      44.851996,
      41.677479,
      400
     ],
     [
      44.853145,
      41.677295,
      397.5
     ],
     [
      44.853375,
      41.677262,
      397.25
     ],
     [
      44.85339,
      41.677778,
      400.75
     ],
     [
      44.853306,
      41.67812,
      404
     ],
     [
      44.853344,
      41.678246,
      405
     ],
     [
      44.853446,
      41.678332,
      406.5
     ],
     [
      44.853583,
      41.678422,
      407.75
     ],
     [
      44.85403,
      41.678678,
      411
     ],
     [
      44.854504,
      41.678912,
      412.75
     ],
     [
      44.854645,
      41.678979,
      413
     ],
     [
      44.855211,
      41.679254,
      413.5
     ],
     [
      44.855311,
      41.67936,
      413.5
     ],
     [
      44.855678,
      41.679368,
      413
     ],
     [
      44.855929,
      41.679337,
      412.75
     ],
     [
      44.856244,
      41.679297,
      413
     ],
     [
      44.856818,
      41.679171,
      413.5
     ],
     [
      44.857115,
      41.679052,
      413.75
     ],
     [
      44.857364,
      41.679081,
      414.75
     ],
     [
      44.858159,
      41.678957,
      415.5
     ],
     [
      44.8583,
      41.678948,
      415.75
     ],
     [
      44.85836,
      41.678944,
      416
     ],
     [
      44.85842,
      41.678956,
      416
     ],
     [
      44.858471,
      41.678991,
      416
     ],
     [
      44.858504,
      41.679049,
      416
     ],
     [
      44.858524,
      41.679084,
      416
     ],
     [
      44.858579,
      41.67918,
      416.25
     ],
     [
      44.859762,
      41.678872,
      418
     ],
     [
      44.861015,
      41.678551,
      415.25
     ],
     [
      44.861055,
      41.67853,
      415.25
     ],
     [
      44.86107,
      41.678488,
      415
     ],
     [
      44.861081,
      41.678392,
      414.5
     ],
     [
      44.8611,
      41.678347,
      414.25
     ],
     [
      44.861225,
      41.678216,
      413.25
     ],
     [
      44.861271,
      41.678157,
      413
     ],
     [
      44.86162,
      41.677709,
      410.75
     ],
     [
      44.861623,
      41.677669,
      410.5
     ],
     [
      44.86154,
      41.677482,
      409.75
     ],
     [
      44.861987,
      41.677358,
      410.5
     ],
     [
      44.862632,
      41.677185,
      411.75
     ],
     [
      44.862928,
      41.677106,
      410.75
     ],
     [
      44.863084,
      41.677078,
      410.75
     ],
     [
      44.863211,
      41.677045,
      410.5
     ],
     [
      44.863343,
      41.67699,
      410.25
     ],
     [
      44.86346,
      41.676964,
      410
     ],
     [
      44.863531,
      41.676999,
      410
     ],
     [
      44.863652,
      41.677102,
      410.75
     ],
     [
      44.863739,
      41.677147,
      411.25
     ],
     [
      44.863827,
      41.677182,
      411.25
     ],
     [
      44.86402,
      41.67724,
      411.75
     ],
     [
      44.86424,
      41.677277,
      412
     ],
     [
      44.864501,
      41.677285,
      411.75
     ],
     [
      44.864636,
      41.677297,
      411.75
     ],
     [
      44.864722,
      41.677348,
      412.25
     ],
     [
      44.864795,
      41.677381,
      412.5
     ],
     [
      44.865106,
      41.677418,
      413.5
     ],
     [
      44.865185,
      41.677445,
      414.25
     ],
     [
      44.865212,
      41.677465,
      414.75
     ],
     [
      44.865402,
      41.677478,
      416
     ],
     [
      44.86568,
      41.677421,
      417
     ],
     [
      44.865702,
      41.677408,
      417
     ],
     [
      44.865807,
      41.677345,
      416.75
     ],
     [
      44.866326,
      41.677285,
      416
     ],
     [
      44.866492,
      41.677266,
      415.75
     ],
     [
      44.86676,
      41.677221,
      415.25
     ],
     [
      44.866898,
      41.677194,
      415.25
     ],
     [
      44.867104,
      41.677157,
      415.5
     ],
     [
      44.867237,
      41.67712,
      415.5
     ],
     [
      44.867528,
      41.677019,
      415.5
     ],
     [
      44.8679,
      41.676937,
      415.75
     ],
     [
      44.868132,
      41.676886,
      415.75
     ],
     [
      44.868348,
      41.676819,
      415.5
     ],
     [
      44.868524,
      41.676765,
      415.25
     ],
     [
      44.869004,
      41.67662,
      414.5
     ],
     [
      44.869078,
      41.676597,
      414.5
     ],
     [
      44.869113,
      41.676587,
      414.5
     ],
     [
      44.869485,
      41.676479,
      414.25
     ],
     [
      44.869693,
      41.676405,
      414
     ],
     [
      44.869964,
      41.676261,
      413.5
     ],
     [
      44.870214,
      41.676121,
      412.5
     ],
     [
      44.87043,
      41.676013,
      411.5
     ],
     [
      44.871137,
      41.675655,
      409.25
     ],
     [
      44.871225,
      41.675593,
      409
     ],
     [
      44.871507,
      41.675368,
      408.25
     ],
     [
      44.871629,
      41.6753,
      408.25
     ],
     [
      44.871702,
      41.675272,
      408.25
     ],
     [
      44.871774,
      41.675244,
      408.25
     ],
     [
      44.87188,
      41.675215,
      408.25
     ],
     [
      44.872472,
      41.675097,
      408.5
     ],
     [
      44.873202,
      41.674951,
      409
     ],
     [
      44.87355,
      41.674878,
      408.75
     ],
     [
      44.873628,
      41.674856,
      408.5
     ],
     [
      44.873677,
      41.674828,
      408.25
     ],
     [
      44.87371,
      41.674794,
      408
     ],
     [
      44.873892,
      41.674469,
      406
     ],
     [
      44.87393,
      41.674194,
      404.25
     ],
     [
      44.873973,
      41.674149,
      404.25
     ],
     [
      44.874074,
      41.674086,
      404.5
     ],
     [
      44.87421,
      41.674013,
      404.75
     ],
     [
      44.874364,
      41.673953,
      404.5
     ],
     [
      44.874578,
      41.673883,
      404.5
     ],
     [
      44.874893,
      41.6738,
      404.5
     ],
     [
      44.875081,
      41.673755,
      404
     ],
     [
      44.875582,
      41.673569,
      401
     ],
     [
      44.875788,
      41.673467,
      399.75
     ],
     [
      44.875842,
      41.673423,
      399.5
     ],
     [
      44.875895,
      41.67336,
      399
     ],
     [
      44.875916,
      41.6733,
      398.5
     ],
     [
      44.875908,
      41.673205,
      398
     ],
     [
      44.875884,
      41.67307,
      397.5
     ],
     [
      44.875893,
      41.672985,
      397.25
     ],
     [
      44.87598,
      41.672846,
      396.5
     ],
     [
      44.876186,
      41.672636,
      395.75
     ],
     [
      44.876318,
      41.672401,
      395.75
     ],
     [
      44.87642,
      41.672402,
      395.75
     ],
     [
      44.876551,
      41.672372,
      396.25
     ],
     [
      44.876796,
      41.672315,
      396.75
     ],
     [
      44.876938,
      41.672283,
      397.25
     ],
     [
      44.877354,
      41.672191,
      398.25
     ],
     [
      44.877591,
      41.672127,
      398.5
     ],
     [
      44.87812,
      41.672003,
      398.75
     ],
     [
      44.878292,
      41.671965,
      398.75
     ],
     [
      44.8784,
      41.671939,
      398.75
     ],
     [
      44.879135,
      41.671768,
      401.25
     ],
     [
      44.87977,
      41.671611,
      400
     ],
     [
      44.87991,
      41.671572,
      399.75
     ],
     [
      44.8801,
      41.6715,
      399.75
     ],
     [
      44.880359,
      41.671377,
      400
     ],
     [
      44.880573,
      41.671249,
      399.75
     ],
     [
      44.880963,
      41.671016,
      399.25
     ],
     [
      44.880987,
      41.671001,
      399.25
     ],
     [
      44.881459,
      41.670713,
      398.75
     ],
     [
      44.881875,
      41.670471,
      398.25
     ],
     [
      44.882084,
      41.670347,
      398
     ],
     [
      44.882254,
      41.670243,
      397.75
     ],
     [
      44.882368,
      41.670149,
      397.5
     ],
     [
      44.882635,
      41.669892,
      397
     ],
     [
      44.883099,
      41.669527,
      396.5
     ],
     [
      44.883375,
      41.66933,
      395.75
     ],
     [
      44.883639,
      41.669148,
      394.5
     ],
     [
      44.884648,
      41.668662,
      393.25
     ],
     [
      44.885973,
      41.668137,
      391
     ],
     [
      44.886384,
      41.667956,
      392
     ],
     [
      44.886489,
      41.667926,
      392.25
     ],
     [
      44.886615,
      41.667893,
      392.5
     ],
     [
      44.886716,
      41.667855,
      392.25
     ],
     [
      44.886816,
      41.667814,
      392
     ],
     [
      44.886888,
      41.667764,
      391.75
     ],
     [
      44.887363,
      41.66731,
      390
     ],
     [
      44.887411,
      41.66725,
      389.75
     ],
     [
      44.88747,
      41.667169,
      389.5
     ],
     [
      44.887636,
      41.666892,
      389.25
     ],
     [
      44.888588,
      41.665232,
      385.75
     ],
     [
      44.88863,
      41.665173,
      385.75
     ],
     [
      44.8887,
      41.665128,
      386
     ],
     [
      44.888753,
      41.665117,
      386
     ],
     [
      44.888828,
      41.665117,
      386.25
     ],
     [
      44.888965,
      41.66514,
      386.5
     ],
     [
      44.888993,
      41.665144,
      386.75
     ],
     [
      44.88905,
      41.665153,
      386.75
     ],
     [
      44.889494,
      41.66518,
      388.5
     ],
     [
      44.889617,
      41.665179,
      389
     ],
     [
      44.889852,
      41.665064,
      389.5
     ],
     [
      44.890615,
      41.66469,
      389.5
     ],
     [
      44.890965,
      41.664518,
      389.5
     ],
     [
      44.891053,
      41.664475,
      389.5
     ],
     [
      44.891165,
      41.66442,
      389.75
     ],
     [
      44.891738,
      41.664138,
      391.25
     ],
     [
      44.892442,
      41.66379,
      393.25
     ],
     [
      44.89333,
      41.663366,
      392
     ],
     [
      44.893963,
      41.663058,
      392.25
     ],
     [
      44.894249,
      41.662866,
      392.25
     ],
     [
      44.894444,
      41.662741,
      392
     ],
     [
      44.895486,
      41.662227,
      390.75
     ],
     [
      44.895941,
      41.662014,
      390
     ],
     [
      44.896147,
      41.661925,
      389.75
     ],
     [
      44.896263,
      41.661872,
      389.75
     ],
     [
      44.896401,
      41.661811,
      389.75
     ],
     [
      44.896831,
      41.6616,
      390
     ],
     [
      44.89788,
      41.661106,
      387.75
     ],
     [
      44.898225,
      41.66094,
      386
     ],
     [
      44.898818,
      41.660673,
      383
     ],
     [
      44.899915,
      41.660173,
      380.25
     ],
     [
      44.90035,
      41.659987,
      379.25
     ],
     [
      44.900723,
      41.659861,
      379.5
     ],
     [
      44.900822,
      41.659833,
      379.5
     ],
     [
      44.900966,
      41.659887,
      380
     ],
     [
      44.901065,
      41.659909,
      380.25
     ],
     [
      44.901702,
      41.659895,
      381.75
     ],
     [
      44.901913,
      41.659903,
      382.75
     ],
     [
      44.902099,
      41.659927,
      383.75
     ],
     [
      44.902151,
      41.659934,
      384
     ],
     [
      44.902239,
      41.659935,
      384.25
     ],
     [
      44.902638,
      41.659945,
      386.75
     ],
     [
      44.902888,
      41.659998,
      389.5
     ],
     [
      44.903325,
      41.66004,
      393.5
     ],
     [
      44.903436,
      41.660067,
      393.75
     ],
     [
      44.90379,
      41.660289,
      394.5
     ],
     [
      44.904164,
      41.660482,
      396.5
     ],
     [
      44.904199,
      41.660506,
      396.5
     ],
     [
      44.904247,
      41.660539,
      396.75
     ],
     [
      44.904307,
      41.660598,
      397
     ],
     [
      44.904466,
      41.660833,
      398.25
     ],
     [
      44.904533,
      41.660987,
      398.25
     ],
     [
      44.904597,
      41.661189,
      398.25
     ],
     [
      44.904652,
      41.661394,
      398.25
     ],
     [
      44.904707,
      41.661621,
      398.5
     ],
     [
      44.904752,
      41.661636,
      398.75
     ],
     [
      44.904828,
      41.66165,
      399.5
     ],
     [
      44.904972,
      41.661642,
      400.75
     ],
     [
      44.904997,
      41.661636,
      400.75
     ],
     [
      44.905074,
      41.661583,
      401
     ],
     [
      44.905255,
      41.661484,
      401.25
     ],
     [
      44.905398,
      41.661433,
      401.5
     ],
     [
      44.905485,
      41.661415,
      401.75
     ],
     [
      44.905628,
      41.661368,
      401.75
     ],
     [
      44.905759,
      41.661279,
      401.75
     ],
     [
      44.905859,
      41.661184,
      401.75
     ],
     [
      44.905901,
      41.661111,
      401.5
     ],
     [
      44.906667,
      41.66082,
      401
     ],
     [
      44.907361,
      41.660556,
      402
     ],
     [
      44.909443,
      41.659766,
      402.5
     ],
     [
      44.909957,
      41.659571,
      404
     ],
     [
      44.910797,
      41.659251,
      401.5
     ],
     [
      44.910915,
      41.659217,
      400.5
     ],
     [
      44.911,
      41.659212,
      399.75
     ],
     [
      44.91105,
      41.659242,
      399.5
     ],
     [
      44.911147,
      41.659342,
      399.25
     ],
     [
      44.911552,
      41.659916,
      400
     ],
     [
      44.911891,
      41.660397,
      401.25
     ],
     [
      44.911976,
      41.660502,
      401.5
     ],
     [
      44.912065,
      41.660486,
      401
     ],
     [
      44.91251,
      41.660403,
      398.25
     ],
     [
      44.913055,
      41.660307,
      394.5
     ],
     [
      44.913373,
      41.660246,
      392.5
     ],
     [
      44.913479,
      41.660244,
      392
     ],
     [
      44.913591,
      41.660241,
      391.5
     ],
     [
      44.914243,
      41.660314,
      390
     ],
     [
      44.914446,
      41.660362,
      390
     ],
     [
      44.914639,
      41.6604,
      389.75
     ],
     [
      44.914989,
      41.660497,
      389.75
     ],
     [
      44.91585,
      41.660818,
      390.75
     ],
     [
      44.916058,
      41.660914,
      391.25
     ],
     [
      44.916192,
      41.661003,
      391.75
     ],
     [
      44.916237,
      41.66114,
      392.5
     ],
     [
      44.916519,
      41.661113,
      392
     ],
     [
      44.91665,
      41.66104,
      391.5
     ],
     [
      44.916783,
      41.660987,
      390.75
     ],
     [
      44.916987,
      41.660935,
      390.25
     ],
     [
      44.91844,
      41.660626,
      387.5
     ],
     [
      44.918997,
      41.660505,
      385.75
     ],
     [
      44.919278,
      41.660472,
      385.25
     ],
     [
      44.919539,
      41.660495,
      385.25
     ],
     [
      44.920957,
      41.660837,
      388.75
     ],
     [
      44.921169,
      41.660897,
      389
     ],
     [
      44.92144,
      41.660934,
      389.25
     ],
     [
      44.921791,
      41.660941,
      389
     ],
     [
      44.922903,
      41.660882,
      388
     ],
     [
      44.924447,
      41.660831,
      389.25
     ],
     [
      44.925985,
      41.660747,
      391.5
     ],
     [
      44.926243,
      41.660723,
      391.5
     ],
     [
      44.926518,
      41.660686,
      391.5
     ],
     [
      44.926757,
      41.660627,
      391.5
     ],
     [
      44.927029,
      41.660517,
      391.5
     ],
     [
      44.927568,
      41.660145,
      391.25
     ],
     [
      44.929592,
      41.658403,
      387.5
     ],
     [
      44.930221,
      41.657862,
      386.5
     ],
     [
      44.930572,
      41.657696,
      386.25
     ],
     [
      44.931233,
      41.657484,
      385
     ],
     [
      44.936759,
      41.655905,
      383.25
     ],
     [
      44.937188,
      41.655745,
      382.25
     ],
     [
      44.937439,
      41.655515,
      380.5
     ],
     [
      44.937731,
      41.655188,
      379.75
     ],
     [
      44.9379,
      41.654986,
      379.75
     ],
     [
      44.938776,
      41.653938,
      378.25
     ],
     [
      44.941105,
      41.651151,
      373
     ],
     [
      44.943213,
      41.648629,
      375.75
     ],
     [
      44.943339,
      41.648478,
      375.5
     ],
     [
      44.944698,
      41.646852,
      374
     ],
     [
      44.946923,
      41.644189,
      373.5
     ],
     [
      44.947712,
      41.643228,
      373
     ],
     [
      44.94917,
      41.641452,
      376
     ],
     [
      44.949226,
      41.641383,
      376
     ],
     [
      44.949386,
      41.641188,
      375.5
     ],
     [
      44.950405,
      41.639992,
      375.25
     ],
     [
      44.950636,
      41.639761,
      375
     ],
     [
      44.950897,
      41.639483,
      373.75
     ],
     [
      44.951008,
      41.639371,
      373.25
     ],
     [
      44.951539,
      41.638829,
      372.25
     ],
     [
      44.952637,
      41.637679,
      375.5
     ],
     [
      44.952994,
      41.637235,
      375.75
     ],
     [
      44.953437,
      41.636498,
      376
     ],
     [
      44.953572,
      41.636257,
      376.25
     ],
     [
      44.954651,
      41.634412,
      375.5
     ],
     [
      44.955784,
      41.632349,
      371.5
     ],
     [
      44.956674,
      41.630763,
      368.25
     ],
     [
      44.956797,
      41.630528,
      367
     ],
     [
      44.95838,
      41.627757,
      365.5
     ],
     [
      44.959066,
      41.626609,
      362
     ],
     [
      44.959152,
      41.626457,
      362
     ],
     [
      44.959438,
      41.625942,
      362.25
     ],
     [
      44.959968,
      41.625031,
      362
     ],
     [
      44.96058,
      41.623817,
      361.25
     ],
     [
      44.960568,
      41.62349,
      360.5
     ],
     [
      44.96047,
      41.622593,
      359
     ],
     [
      44.960261,
      41.621831,
      358.25
     ],
     [
      44.960141,
      41.621288,
      358.5
     ],
     [
      44.960167,
      41.621197,
      358.5
     ],
     [
      44.960288,
      41.621076,
      358.75
     ],
     [
      44.960314,
      41.62105,
      358.75
     ],
     [
      44.960553,
      41.620841,
      358.75
     ],
     [
      44.960682,
      41.620729,
      358.75
     ],
     [
      44.960999,
      41.620511,
      358.5
     ],
     [
      44.961105,
      41.6204,
      358.25
     ],
     [
      44.961145,
      41.620357,
      358.25
     ],
     [
      44.961334,
      41.620068,
      358
     ],
     [
      44.961438,
      41.619954,
      357.75
     ],
     [
      44.96148,
      41.619908,
      357.75
     ],
     [
      44.961561,
      41.619847,
      357.75
     ],
     [
      44.961669,
      41.619766,
      357.5
     ],
     [
      44.961961,
      41.61958,
      357.75
     ],
     [
      44.962223,
      41.619287,
      357.75
     ],
     [
      44.962315,
      41.619119,
      357.75
     ],
     [
      44.962335,
      41.618975,
      357.75
     ],
     [
      44.96249,
      41.618552,
      357.75
     ],
     [
      44.96254,
      41.618385,
      357.75
     ],
     [
      44.962679,
      41.618023,
      357.25
     ],
     [
      44.962931,
      41.617662,
      356.5
     ],
     [
      44.963051,
      41.617508,
      356.25
     ],
     [
      44.96328,
      41.617175,
      356.25
     ],
     [
      44.963394,
      41.617007,
      356.5
     ],
     [
      44.963509,
      41.616799,
      356.5
     ],
     [
      44.963742,
      41.616338,
      356.25
     ],
     [
      44.963872,
      41.616065,
      356
     ],
     [
      44.964072,
      41.615673,
      355.5
     ],
     [
      44.964231,
      41.615487,
      355
     ],
     [
      44.964493,
      41.615198,
      354.5
     ],
     [
      44.964681,
      41.614941,
      354.5
     ],
     [
      44.964797,
      41.614743,
      354.25
     ],
     [
      44.965094,
      41.614216,
      354
     ],
     [
      44.9653,
      41.613991,
      354
     ],
     [
      44.965506,
      41.613825,
      354
     ],
     [
      44.966035,
      41.6134,
      354
     ],
     [
      44.966527,
      41.612977,
      353.5
     ],
     [
      44.966976,
      41.612672,
      353.5
     ],
     [
      44.967381,
      41.612423,
      353.5
     ],
     [
      44.968023,
      41.611868,
      351.25
     ],
     [
      44.968833,
      41.610657,
      350.5
     ],
     [
      44.969067,
      41.610284,
      350
     ],
     [
      44.969385,
      41.610038,
      350.25
     ],
     [
      44.969866,
      41.609557,
      350.5
     ],
     [
      44.970098,
      41.609262,
      350
     ],
     [
      44.970339,
      41.609014,
      349.75
     ],
     [
      44.970585,
      41.608789,
      350
     ],
     [
      44.970731,
      41.608688,
      350.25
     ],
     [
      44.971381,
      41.608252,
      350.25
     ],
     [
      44.971762,
      41.608023,
      349.75
     ],
     [
      44.972314,
      41.607721,
      348.5
     ],
     [
      44.973288,
      41.607157,
      347.5
     ],
     [
      44.974236,
      41.606597,
      348.75
     ],
     [
      44.974292,
      41.606563,
      348.75
     ],
     [
      44.97441,
      41.60649,
      348.75
     ],
     [
      44.975141,
      41.606012,
      349.25
     ],
     [
      44.975825,
      41.605244,
      348.5
     ],
     [
      44.975912,
      41.605148,
      348.75
     ],
     [
      44.976234,
      41.604867,
      348.75
     ],
     [
      44.976691,
      41.604522,
      348.25
     ],
     [
      44.978493,
      41.603159,
      347.75
     ],
     [
      44.97886,
      41.602876,
      347
     ],
     [
      44.97955,
      41.602328,
      345.5
     ],
     [
      44.979911,
      41.602014,
      345.5
     ],
     [
      44.980184,
      41.601731,
      345.75
     ],
     [
      44.980887,
      41.600974,
      344.25
     ],
     [
      44.981014,
      41.600837,
      344
     ],
     [
      44.981415,
      41.600404,
      344.25
     ],
     [
      44.981778,
      41.60002,
      345
     ],
     [
      44.982694,
      41.59905,
      345.25
     ],
     [
      44.98296,
      41.598765,
      345.75
     ],
     [
      44.983109,
      41.598536,
      345.75
     ],
     [
      44.983203,
      41.5983,
      345.5
     ],
     [
      44.983588,
      41.597464,
      343.5
     ],
     [
      44.983861,
      41.596964,
      345
     ],
     [
      44.984078,
      41.596668,
      345.75
     ],
     [
      44.984195,
      41.596527,
      345.75
     ],
     [
      44.984402,
      41.596321,
      345.25
     ],
     [
      44.984565,
      41.596166,
      344.75
     ],
     [
      44.98488,
      41.595881,
      344
     ],
     [
      44.985071,
      41.595723,
      343.75
     ],
     [
      44.985521,
      41.595418,
      343.75
     ],
     [
      44.985943,
      41.595117,
      343.75
     ],
     [
      44.986079,
      41.595011,
      343.5
     ],
     [
      44.986402,
      41.594794,
      343
     ],
     [
      44.987127,
      41.594305,
      343
     ],
     [
      44.987285,
      41.594198,
      343
     ],
     [
      44.987533,
      41.594056,
      343
     ],
     [
      44.988095,
      41.593663,
      342.75
     ],
     [
      44.988381,
      41.593545,
      342.25
     ],
     [
      44.989127,
      41.593219,
      342
     ],
     [
      44.98916,
      41.593204,
      342
     ],
     [
      44.990457,
      41.592604,
      343
     ],
     [
      44.990611,
      41.592525,
      343
     ],
     [
      44.991356,
      41.592047,
      341.5
     ],
     [
      44.991864,
      41.591657,
      341
     ],
     [
      44.992066,
      41.591508,
      341.25
     ],
     [
      44.992564,
      41.591127,
      341.25
     ],
     [
      44.993156,
      41.590711,
      341.5
     ],
     [
      44.993229,
      41.590665,
      341.5
     ],
     [
      44.993702,
      41.590368,
      340.25
     ],
     [
      44.994035,
      41.590176,
      340
     ],
     [
      44.995611,
      41.589289,
      338.25
     ],
     [
      44.996559,
      41.588721,
      338.25
     ],
     [
      44.997848,
      41.587968,
      338.25
     ],
     [
      44.998653,
      41.587465,
      338.25
     ],
     [
      44.998806,
      41.587358,
      338.5
     ],
     [
      44.998946,
      41.58726,
      338.5
     ],
     [
      45.000566,
      41.586023,
      338
     ],
     [
      45.001416,
      41.58536,
      338.25
     ],
     [
      45.00187,
      41.585056,
      338
     ],
     [
      45.002035,
      41.584969,
      338
     ],
     [
      45.002257,
      41.584863,
      338
     ],
     [
      45.002556,
      41.58476,
      338
     ],
     [
      45.003331,
      41.584575,
      338.5
     ],
     [
      45.003844,
      41.584461,
      339
     ],
     [
      45.004231,
      41.584374,
      339.5
     ],
     [
      45.007131,
      41.583703,
      339.5
     ],
     [
      45.007524,
      41.583603,
      341
     ],
     [
      45.007734,
      41.583536,
      342.5
     ],
     [
      45.007897,
      41.583467,
      343.5
     ],
     [
      45.008154,
      41.583322,
      345.75
     ],
     [
      45.008314,
      41.58322,
      347.25
     ],
     [
      45.008422,
      41.583118,
      349.25
     ],
     [
      45.008516,
      41.583006,
      351
     ],
     [
      45.008601,
      41.582837,
      352.5
     ],
     [
      45.008666,
      41.582654,
      353.5
     ],
     [
      45.008859,
      41.581881,
      354.5
     ],
     [
      45.008889,
      41.581535,
      356
     ],
     [
      45.008854,
      41.581291,
      359.25
     ],
     [
      45.008775,
      41.581031,
      363
     ],
     [
      45.008423,
      41.580364,
      375
     ],
     [
      45.008362,
      41.580191,
      378.25
     ],
     [
      45.008303,
      41.579927,
      382.75
     ],
     [
      45.00827,
      41.579723,
      385.5
     ],
     [
      45.008275,
      41.579606,
      387
     ],
     [
      45.008297,
      41.579512,
      388.25
     ],
     [
      45.008371,
      41.579429,
      389.25
     ],
     [
      45.008472,
      41.579347,
      390.25
     ],
     [
      45.009088,
      41.579027,
      392
     ],
     [
      45.009373,
      41.578868,
      392.5
     ],
     [
      45.009697,
      41.578592,
      393.75
     ],
     [
      45.009754,
      41.578543,
      394.25
     ],
     [
      45.010578,
      41.577716,
      398.5
     ],
     [
      45.010712,
      41.577562,
      399.75
     ],
     [
      45.010797,
      41.577399,
      400.75
     ],
     [
      45.01088,
      41.577188,
      401.5
     ],
     [
      45.010934,
      41.577008,
      402.25
     ],
     [
      45.010949,
      41.576877,
      402.75
     ],
     [
      45.010967,
      41.576662,
      403.25
     ],
     [
      45.010943,
      41.576402,
      402.5
     ],
     [
      45.010904,
      41.576206,
      401.5
     ],
     [
      45.01082,
      41.575957,
      400
     ],
     [
      45.010661,
      41.575645,
      398
     ],
     [
      45.010458,
      41.575282,
      395.75
     ],
     [
      45.010115,
      41.574694,
      391.25
     ],
     [
      45.009898,
      41.57425,
      387.5
     ],
     [
      45.009543,
      41.57346,
      384.25
     ],
     [
      45.009338,
      41.572941,
      380.5
     ],
     [
      45.009264,
      41.572633,
      378.5
     ],
     [
      45.009219,
      41.572366,
      376.75
     ],
     [
      45.009208,
      41.57223,
      376
     ],
     [
      45.009228,
      41.572086,
      375.25
     ],
     [
      45.009303,
      41.571849,
      374.75
     ],
     [
      45.0095,
      41.571314,
      373.75
     ],
     [
      45.009728,
      41.570732,
      372.25
     ],
     [
      45.009922,
      41.570348,
      370.75
     ],
     [
      45.010321,
      41.569644,
      369
     ],
     [
      45.01071,
      41.569088,
      367
     ],
     [
      45.01104,
      41.568609,
      363.25
     ],
     [
      45.01133,
      41.568189,
      360.5
     ],
     [
      45.012243,
      41.566879,
      355
     ],
     [
      45.012834,
      41.566004,
      349
     ],
     [
      45.013043,
      41.565667,
      347.25
     ],
     [
      45.013118,
      41.565546,
      346.75
     ],
     [
      45.013379,
      41.565118,
      344.75
     ],
     [
      45.013547,
      41.564804,
      344
     ],
     [
      45.013707,
      41.564584,
      344
     ],
     [
      45.013823,
      41.564384,
      344
     ],
     [
      45.014469,
      41.563271,
      341.5
     ],
     [
      45.014731,
      41.562819,
      340.75
     ],
     [
      45.014784,
      41.562743,
      340.5
     ],
     [
      45.014878,
      41.562609,
      340.25
     ],
     [
      45.014978,
      41.562467,
      339.75
     ],
     [
      45.015352,
      41.561985,
      340
     ],
     [
      45.016135,
      41.561168,
      338.75
     ],
     [
      45.016348,
      41.560959,
      337.5
     ],
     [
      45.019128,
      41.558358,
      337.75
     ],
     [
      45.019511,
      41.558,
      338.75
     ],
     [
      45.019984,
      41.557557,
      339.75
     ],
     [
      45.020184,
      41.55737,
      340
     ],
     [
      45.020261,
      41.557299,
      339.75
     ],
     [
      45.020301,
      41.557261,
      339.75
     ],
     [
      45.02238,
      41.555317,
      339.5
     ],
     [
      45.023225,
      41.554526,
      339.25
     ],
     [
      45.023301,
      41.554454,
      339.25
     ],
     [
      45.024069,
      41.553737,
      338
     ],
     [
      45.024235,
      41.553571,
      338.5
     ],
     [
      45.02451,
      41.55332,
      339.25
     ],
     [
      45.02493,
      41.552923,
      339.25
     ],
     [
      45.025449,
      41.552474,
      339.25
     ],
     [
      45.026217,
      41.55182,
      339.5
     ],
     [
      45.027813,
      41.550663,
      337
     ],
     [
      45.028023,
      41.550511,
      337
     ],
     [
      45.028419,
      41.550231,
      337.25
     ],
     [
      45.028811,
      41.549968,
      336.75
     ],
     [
      45.028975,
      41.549856,
      336.75
     ],
     [
      45.029348,
      41.549599,
      337
     ],
     [
      45.03017,
      41.549011,
      337.5
     ],
     [
      45.030698,
      41.548574,
      337.25
     ],
     [
      45.031139,
      41.548235,
      337.25
     ],
     [
      45.031545,
      41.547912,
      336
     ],
     [
      45.03165,
      41.547795,
      335.5
     ],
     [
      45.031768,
      41.547663,
      335.25
     ],
     [
      45.032622,
      41.546523,
      333.25
     ],
     [
      45.034295,
      41.544185,
      333.75
     ],
     [
      45.03621,
      41.541516,
      331
     ],
     [
      45.037186,
      41.541976,
      331.5
     ],
     [
      45.037481,
      41.542121,
      332
     ],
     [
      45.03836,
      41.542556,
      334
     ],
     [
      45.038619,
      41.542465,
      334
     ],
     [
      45.038863,
      41.542464,
      334.5
     ],
     [
      45.039332,
      41.542518,
      334.5
     ],
     [
      45.03948,
      41.542544,
      334.25
     ],
     [
      45.039649,
      41.542651,
      334
     ],
     [
      45.041836,
      41.540421,
      329
     ],
     [
      45.04396,
      41.538256,
      327.75
     ],
     [
      45.044476,
      41.537736,
      327.75
     ],
     [
      45.046258,
      41.535943,
      325.5
     ],
     [
      45.046365,
      41.535832,
      325.25
     ],
     [
      45.048334,
      41.536916,
      325.5
     ],
     [
      45.050692,
      41.538214,
      325.25
     ],
     [
      45.051521,
      41.538671,
      325.75
     ],
     [
      45.052511,
      41.539216,
      327
     ],
     [
      45.052702,
      41.539321,
      327
     ],
     [
      45.054167,
      41.540128,
      330.75
     ],
     [
      45.054234,
      41.540227,
      330.5
     ],
     [
      45.057315,
      41.541921,
      331.25
     ],
     [
      45.057616,
      41.542087,
      332
     ],
     [
      45.057851,
      41.542171,
      332.25
     ],
     [
      45.057964,
      41.5422,
      332.5
     ],
     [
      45.058099,
      41.542214,
      332.75
     ],
     [
      45.058241,
      41.542212,
      332.75
     ],
     [
      45.058364,
      41.542198,
      332.75
     ],
     [
      45.058743,
      41.542166,
      333.25
     ],
     [
      45.058941,
      41.542139,
      333.5
     ],
     [
      45.059111,
      41.542102,
      333.75
     ],
     [
      45.059203,
      41.542059,
      334
     ],
     [
      45.063555,
      41.537573,
      329.5
     ],
     [
      45.065535,
      41.535524,
      327.75
     ],
     [
      45.067417,
      41.533571,
      326.75
     ],
     [
      45.067473,
      41.533542,
      326.75
     ],
     [
      45.067552,
      41.533551,
      327
     ],
     [
      45.067629,
      41.533298,
      326.75
     ],
     [
      45.067705,
      41.53309,
      326
     ],
     [
      45.067844,
      41.532905,
      325.5
     ],
     [
      45.068037,
      41.532736,
      325.25
     ],
     [
      45.068595,
      41.532375,
      325
     ],
     [
      45.069172,
      41.531768,
      324.75
     ],
     [
      45.070183,
      41.530712,
      322.75
     ],
     [
      45.07029,
      41.53056,
      323
     ],
     [
      45.07023,
      41.53031,
      323.5
     ],
     [
      45.07004,
      41.52993,
      323.75
     ],
     [
      45.06999,
      41.52973,
      323.5
     ],
     [
      45.07055,
      41.52898,
      321.75
     ],
     [
      45.07059,
      41.52877,
      322
     ],
     [
      45.07042,
      41.52808,
      322.5
     ],
     [
      45.07049,
      41.52789,
      322.5
     ],
     [
      45.0707,
      41.5275,
      322.25
     ],
     [
      45.07085,
      41.52735,
      321.5
     ],
     [
      45.07117,
      41.52721,
      320.5
     ],
     [
      45.0713,
      41.52716,
      320.25
     ]
    ]
   }
  }
 ]
}