{
 "type": "FeatureCollection",
 "features": [
  {
   "type": "Feature",
   "properties": {
    "creator": "BRouter-1.7.11-beta",
    "name": "brouter_hiking-mountain_0",
    "track-length": "42115",
    "filtered ascend": "175",
    "plain-ascend": "-156",
    "total-time": "29886",
    "total-energy": "430371",
    "cost": "60126",
    "messages": [
     [
      "Longitude",
      "Latitude",
      "Elevation",
      "Distance",
      "CostPerKm",
      "ElevCost",
      "TurnCost",
      "NodeCost",
      "InitialCost",
      "WayTags",
      "NodeTags",
      "Time",
      "Energy"
     ],
     [
      "44761054",
      "41729538",
      "473",
      "100",
      "1260",
      "0",
      "0",
      "0",
      "0",
      "reversedirection=yes highway=footway surface=asphalt",
      "highway=crossing crossing=uncontrolled",
      "69",
      "341"
     ],
     [
      "44761094",
      "41729525",
      "473",
      "4",
      "1260",
      "0",
      "0",
      "0",
      "0",
      "reversedirection=yes highway=footway surface=asphalt",
      "barrier=kerb kerb=raised",
      "72",
      "350"
     ],
     [
      "44761854",
      "41729277",
      "470",
      "69",
      "1260",
      "0",
      "0",
      "0",
      "0",
      "reversedirection=yes highway=footway surface=asphalt",
      "highway=crossing",
      "117",
      "350"
     ],
     [
      "44763287",
      "41729351",
      "466",
      "121",
      "1460",
      "0",
      "0",
      "0",
      "0",
      "reversedirection=yes highway=footway surface=asphalt",
      "",
      "196",
      "350"
     ],
     [
      "44763297",
      "41729251",
      "466",
      "11",
      "1460",
      "0",
      "0",
      "0",
      "0",
      "highway=footway surface=asphalt",
      "highway=crossing estimated_crossing_class=0 crossing=traffic_signals",
      "203",
      "350"
     ],
     [
      "44763432",
      "41729161",
      "465",
      "19",
      "1460",
      "0",
      "0",
      "0",
      "0",
      "highway=footway surface=asphalt",
      "highway=crossing crossing=traffic_signals",
      "215",
      "350"
     ],
     [
      "44763499",
      "41729168",
      "465",
      "6",
      "1460",
      "0",
      "0",
      "0",
      "0",
      "highway=footway surface=asphalt",
      "",
      "219",
      "350"
     ],
     [
      "44763651",
      "41728330",
      "462",
      "94",
      "1260",
      "0",
      "0",
      "0",
      "0",
      "reversedirection=yes highway=footway",
      "highway=crossing crossing=unmarked",
      "279",
      "350"
     ],
     [
      "44763800",
      "41727448",
      "457",
      "99",
      "1460",
      "0",
      "0",
      "0",
      "0",
      "highway=footway surface=asphalt",
      "",
      "340",
      "350"
     ],
     [
      "44764825",
      "41727536",
      "458",
      "85",
      "1460",
      "0",
      "0",
      "0",
      "0",
      "reversedirection=yes highway=footway surface=asphalt",
      "highway=crossing crossing=unmarked",
      "398",
      "524"
     ],
     [
      "44767166",
      "41727770",
      "454",
      "196",
      "1460",
      "0",
      "0",
      "0",
      "0",
      "reversedirection=yes highway=footway surface=asphalt",
      "",
      "531",
      "741"
     ],
     [
      "44767353",
      "41727762",
      "454",
      "18",
      "1260",
      "0",
      "0",
      "0",
      "0",
      "highway=footway",
      "",
      "543",
      "741"
     ],
     [
      "44767841",
      "41727810",
      "454",
      "41",
      "1440",
      "0",
      "0",
      "0",
      "0",
      "highway=service",
      "",
      "571",
      "741"
     ],
     [
      "44767921",
      "41727753",
      "454",
      "10",
      "1260",
      "0",
      "0",
      "0",
      "0",
      "highway=footway surface=asphalt",
      "highway=crossing estimated_crossing_class=0 crossing=traffic_signals",
      "578",
      "753"
     ],
     [
      "44767993",
      "41727649",
      "454",
      "15",
      "1260",
      "0",
      "0",
      "0",
      "0",
      "highway=footway surface=asphalt",
      "highway=crossing estimated_crossing_class=0 crossing=traffic_signals",
      "588",
      "820"
     ],
     [
      "44767992",
      "41727598",
      "454",
      "6",
      "1260",
      "0",
      "0",
      "0",
      "0",
      "highway=footway surface=asphalt",
      "",
      "593",
      "849"
     ],
     [
      "44768841",
      "41726647",
      "453",
      "128",
      "1260",
      "0",
      "0",
      "0",
      "0",
      "highway=footway surface=asphalt foot=yes",
      "",
      "681",
      "1333"
     ],
     [
      "44768960",
      "41726574",
      "453",
      "13",
      "1260",
      "0",
      "0",
      "0",
      "0",
      "highway=footway surface=asphalt",
      "highway=crossing estimated_crossing_class=0 crossing=traffic_signals",
      "690",
      "1340"
     ],
     [
      "44769014",
      "41726445",
      "452",
      "17",
      "1260",
      "0",
      "0",
      "0",
      "0",
      "highway=footway surface=asphalt",
      "highway=crossing estimated_crossing_class=0 crossing=traffic_signals",
      "702",
      "1341"
     ],
     [
      "44769683",
      "41725808",
      "452",
      "95",
      "1260",
      "0",
      "0",
      "0",
      "0",
      "highway=footway surface=asphalt",
      "highway=crossing",
      "768",
      "1689"
     ],
     [
      "44770840",
      "41724679",
      "450",
      "158",
      "1260",
      "0",
      "0",
      "0",
      "0",
      "highway=footway surface=asphalt",
      "highway=crossing estimated_crossing_class=0 crossing=marked",
      "877",
      "1806"
     ],
     [
      "44771224",
      "41724249",
      "449",
      "57",
      "1260",
      "0",
      "0",
      "0",
      "0",
      "highway=footway surface=asphalt",
      "highway=crossing estimated_crossing_class=0 crossing=traffic_signals",
      "916",
      "1806"
     ],
     [
      "44771191",
      "41724194",
      "449",
      "7",
      "1260",
      "0",
      "0",
      "0",
      "0",
      "highway=footway surface=asphalt foot=yes",
      "",
      "921",
      "1806"
     ],
     [
      "44773029",
      "41722662",
      "449",
      "232",
      "1260",
      "0",
      "0",
      "0",
      "0",
      "highway=footway surface=asphalt",
      "",
      "1084",
      "2940"
     ],
     [
      "44773159",
      "41722530",
      "449",
      "18",
      "1260",
      "0",
      "0",
      "0",
      "0",
      "reversedirection=yes highway=footway surface=asphalt",
      "highway=crossing estimated_crossing_class=0 crossing=traffic_signals",
      "1096",
      "3054"
     ],
     [
      "44773242",
      "41722445",
      "449",
      "12",
      "1260",
      "0",
      "0",
      "0",
      "0",
      "reversedirection=yes highway=footway surface=asphalt",
      "",
      "1105",
      "3135"
     ],
     [
      "44774294",
      "41721487",
      "447",
      "138",
      "1260",
      "0",
      "0",
      "0",
      "0",
      "highway=footway",
      "",
      "1201",
      "3420"
     ],
     [
      "44774400",
      "41721389",
      "447",
      "14",
      "1260",
      "0",
      "0",
      "0",
      "0",
      "highway=footway surface=asphalt",
      "highway=crossing crossing=traffic_signals",
      "1210",
      "3504"
     ],
     [
      "44775114",
      "41720738",
      "448",
      "93",
      "1260",
      "0",
      "0",
      "0",
      "0",
      "highway=footway surface=asphalt",
      "crossing=unknown",
      "1276",
      "4051"
     ],
     [
      "44776769",
      "41719260",
      "449",
      "214",
      "1260",
      "0",
      "0",
      "0",
      "0",
      "highway=footway surface=asphalt",
      "highway=crossing crossing=unmarked",
      "1427",
      "5305"
     ],
     [
      "44777779",
      "41717923",
      "449",
      "170",
      "1260",
      "0",
      "0",
      "0",
      "0",
      "highway=footway surface=asphalt",
      "highway=crossing crossing=uncontrolled",
      "1549",
      "7303"
     ],
     [
      "44777833",
      "41717881",
      "448",
      "6",
      "1260",
      "0",
      "0",
      "0",
      "0",
      "highway=footway surface=asphalt",
      "barrier=kerb kerb=flush",
      "1553",
      "7303"
     ],
     [
      "44777842",
      "41717873",
      "448",
      "1",
      "1260",
      "0",
      "0",
      "0",
      "0",
      "highway=footway surface=asphalt",
      "",
      "1554",
      "7303"
     ],
     [
      "44778141",
      "41717621",
      "444",
      "37",
      "1460",
      "0",
      "0",
      "0",
      "0",
      "highway=footway surface=paving_stones",
      "",
      "1579",
      "7364"
     ],
     [
      "44778178",
      "41717590",
      "444",
      "5",
      "1460",
      "0",
      "0",
      "0",
      "0",
      "highway=footway surface=asphalt",
      "highway=crossing crossing=uncontrolled",
      "1582",
      "7364"
     ],
     [
      "44778697",
      "41715621",
      "436",
      "239",
      "1460",
      "0",
      "0",
      "0",
      "0",
      "highway=footway surface=asphalt",
      "highway=crossing crossing=marked",
      "1738",
      "7364"
     ],
     [
      "44779063",
      "41715089",
      "432",
      "66",
      "1460",
      "0",
      "0",
      "0",
      "0",
      "highway=footway surface=asphalt",
      "highway=crossing crossing=uncontrolled",
      "1778",
      "7364"
     ],
     [
      "44781371",
      "41713218",
      "416",
      "293",
      "1460",
      "0",
      "0",
      "0",
      "0",
      "highway=footway surface=asphalt",
      "",
      "1960",
      "7364"
     ],
     [
      "44781774",
      "41712832",
      "418",
      "55",
      "1260",
      "0",
      "0",
      "0",
      "0",
      "highway=footway",
      "",
      "1997",
      "7388"
     ],
     [
      "44781802",
      "41712763",
      "418",
      "8",
      "1320",
      "0",
      "0",
      "0",
      "0",
      "reversedirection=yes highway=cycleway foot=designated bicycle=designated",
      "highway=crossing estimated_crossing_class=0 crossing=traffic_signals",
      "2003",
      "7443"
     ],
     [
      "44781849",
      "41712648",
      "419",
      "13",
      "1320",
      "0",
      "0",
      "0",
      "0",
      "reversedirection=yes highway=cycleway foot=designated bicycle=designated",
      "highway=crossing estimated_crossing_class=0 crossing=traffic_signals",
      "2012",
      "7443"
     ],
     [
      "44781872",
      "41712592",
      "419",
      "6",
      "1320",
      "0",
      "0",
      "0",
      "0",
      "reversedirection=yes highway=cycleway foot=designated bicycle=designated",
      "",
      "2015",
      "7443"
     ],
     [
      "44784057",
      "41710585",
      "441",
      "308",
      "1160",
      "0",
      "0",
      "0",
      "0",
      "reversedirection=yes highway=footway surface=asphalt foot=yes",
      "highway=crossing crossing=uncontrolled",
      "2267",
      "20570"
     ],
     [
      "44784052",
      "41710530",
      "442",
      "6",
      "1160",
      "0",
      "0",
      "0",
      "0",
      "reversedirection=yes highway=footway surface=asphalt foot=yes",
      "highway=crossing crossing=uncontrolled",
      "2273",
      "20945"
     ],
     [
      "44784049",
      "41710514",
      "442",
      "2",
      "1160",
      "0",
      "0",
      "0",
      "0",
      "reversedirection=yes highway=footway surface=asphalt foot=yes",
      "",
      "2274",
      "21070"
     ],
     [
      "44784231",
      "41710035",
      "447",
      "56",
      "1160",
      "0",
      "0",
      "0",
      "0",
      "reversedirection=yes highway=footway surface=paving_stones",
      "highway=crossing crossing=marked",
      "2327",
      "25525"
     ],
     [
      "44784300",
      "41709966",
      "447",
      "10",
      "1160",
      "0",
      "0",
      "0",
      "0",
      "reversedirection=yes highway=footway surface=paving_stones",
      "",
      "2336",
      "26184"
     ],
     [
      "44784411",
      "41710019",
      "446",
      "11",
      "1160",
      "0",
      "0",
      "0",
      "0",
      "highway=footway surface=paving_stones",
      "highway=crossing estimated_crossing_class=0 crossing=traffic_signals",
      "2346",
      "26795"
     ],
     [
      "44785073",
      "41709281",
      "445",
      "106",
      "1160",
      "0",
      "0",
      "0",
      "0",
      "highway=footway surface=paving_stones",
      "",
      "2428",
      "29832"
     ],
     [
      "44785171",
      "41709254",
      "445",
      "9",
      "1260",
      "0",
      "0",
      "0",
      "0",
      "highway=footway",
      "highway=crossing crossing=unmarked",
      "2434",
      "29988"
     ],
     [
      "44785252",
      "41709242",
      "445",
      "7",
      "1260",
      "0",
      "0",
      "0",
      "0",
      "highway=footway",
      "",
      "2439",
      "30105"
     ],
     [
      "44786192",
      "41707832",
      "447",
      "177",
      "1260",
      "0",
      "0",
      "0",
      "0",
      "highway=footway surface=paving_stones",
      "highway=crossing crossing=unmarked",
      "2573",
      "34050"
     ],
     [
      "44786204",
      "41707817",
      "447",
      "2",
      "1260",
      "0",
      "0",
      "0",
      "0",
      "highway=footway surface=paving_stones",
      "barrier=bollard",
      "2574",
      "34081"
     ],
     [
      "44786403",
      "41707566",
      "446",
      "33",
      "1260",
      "0",
      "0",
      "0",
      "0",
      "highway=footway surface=paving_stones",
      "highway=crossing crossing=unmarked",
      "2599",
      "34912"
     ],
     [
      "44786584",
      "41707365",
      "446",
      "27",
      "1260",
      "0",
      "0",
      "0",
      "0",
      "highway=footway surface=paving_stones",
      "",
      "2619",
      "35441"
     ],
     [
      "44787470",
      "41707029",
      "444",
      "89",
      "1200",
      "0",
      "0",
      "0",
      "0",
      "highway=pedestrian surface=sett",
      "",
      "2683",
      "36180"
     ],
     [
      "44787517",
      "41707027",
      "444",
      "4",
      "1260",
      "0",
      "0",
      "0",
      "0",
      "reversedirection=yes highway=footway surface=asphalt",
      "highway=crossing crossing=unmarked",
      "2686",
      "36196"
     ],
     [
      "44787578",
      "41707028",
      "444",
      "5",
      "1260",
      "0",
      "0",
      "0",
      "0",
      "reversedirection=yes highway=footway surface=asphalt",
      "",
      "2689",
      "36216"
     ],
     [
      "44787693",
      "41707040",
      "444",
      "10",
      "1260",
      "0",
      "0",
      "0",
      "0",
      "highway=footway surface=asphalt",
      "",
      "2696",
      "36260"
     ],
     [
      "44787715",
      "41707005",
      "444",
      "4",
      "1260",
      "0",
      "0",
      "0",
      "0",
      "highway=footway",
      "highway=crossing crossing=unmarked",
      "2699",
      "36288"
     ],
     [
      "44787737",
      "41706963",
      "444",
      "5",
      "1260",
      "0",
      "0",
      "0",
      "0",
      "highway=footway",
      "",
      "2702",
      "36334"
     ],
     [
      "44788552",
      "41707134",
      "444",
      "70",
      "1260",
      "0",
      "0",
      "0",
      "0",
      "reversedirection=yes highway=footway surface=asphalt",
      "",
      "2752",
      "36756"
     ],
     [
      "44788594",
      "41707142",
      "444",
      "4",
      "1260",
      "0",
      "0",
      "0",
      "0",
      "highway=footway surface=asphalt",
      "highway=crossing crossing=unmarked",
      "2755",
      "36785"
     ],
     [
      "44788648",
      "41707156",
      "444",
      "5",
      "1260",
      "0",
      "0",
      "0",
      "0",
      "highway=footway surface=asphalt",
      "",
      "2758",
      "36810"
     ],
     [
      "44788802",
      "41706996",
      "444",
      "22",
      "1260",
      "0",
      "0",
      "0",
      "0",
      "reversedirection=yes highway=footway surface=asphalt",
      "highway=crossing crossing=unmarked",
      "2774",
      "37019"
     ],
     [
      "44790915",
      "41704799",
      "437",
      "301",
      "1260",
      "0",
      "0",
      "0",
      "0",
      "reversedirection=yes highway=footway surface=asphalt",
      "",
      "2983",
      "38321"
     ],
     [
      "44790972",
      "41704830",
      "437",
      "7",
      "1260",
      "0",
      "0",
      "0",
      "0",
      "reversedirection=yes highway=footway surface=paving_stones",
      "",
      "2988",
      "38321"
     ],
     [
      "44791037",
      "41704830",
      "436",
      "5",
      "1460",
      "0",
      "0",
      "0",
      "0",
      "reversedirection=yes highway=footway surface=asphalt",
      "highway=crossing crossing=uncontrolled",
      "2991",
      "38321"
     ],
     [
      "44791093",
      "41704829",
      "435",
      "5",
      "1460",
      "0",
      "0",
      "0",
      "0",
      "reversedirection=yes highway=footway surface=asphalt",
      "",
      "2995",
      "38321"
     ],
     [
      "44791666",
      "41704338",
      "432",
      "72",
      "1460",
      "0",
      "0",
      "0",
      "0",
      "highway=footway surface=asphalt",
      "",
      "3039",
      "38321"
     ],
     [
      "44792511",
      "41703638",
      "438",
      "104",
      "1260",
      "0",
      "0",
      "0",
      "0",
      "highway=footway surface=paving_stones",
      "highway=crossing crossing=uncontrolled",
      "3111",
      "38781"
     ],
     [
      "44793089",
      "41703112",
      "444",
      "77",
      "1160",
      "0",
      "0",
      "0",
      "0",
      "highway=footway surface=paving_stones",
      "highway=crossing crossing=uncontrolled",
      "3170",
      "40751"
     ],
     [
      "44794448",
      "41701958",
      "438",
      "171",
      "1260",
      "0",
      "0",
      "0",
      "0",
      "highway=footway surface=paving_stones",
      "highway=crossing crossing=unmarked",
      "3293",
      "42831"
     ],
     [
      "44794643",
      "41701800",
      "437",
      "24",
      "1260",
      "0",
      "0",
      "0",
      "0",
      "highway=footway surface=paving_stones",
      "highway=crossing crossing=marked",
      "3309",
      "42831"
     ],
     [
      "44795357",
      "41701224",
      "437",
      "87",
      "1260",
      "0",
      "0",
      "0",
      "0",
      "highway=footway surface=paving_stones",
      "highway=crossing crossing=uncontrolled",
      "3368",
      "42859"
     ],
     [
      "44796306",
      "41700444",
      "435",
      "116",
      "1260",
      "0",
      "0",
      "0",
      "0",
      "highway=footway surface=paving_stones",
      "barrier=kerb kerb=lowered",
      "3448",
      "43068"
     ],
     [
      "44796329",
      "41700426",
      "435",
      "3",
      "1260",
      "0",
      "0",
      "0",
      "0",
      "highway=footway surface=asphalt",
      "highway=crossing crossing=uncontrolled",
      "3450",
      "43068"
     ],
     [
      "44796350",
      "41700409",
      "435",
      "3",
      "1260",
      "0",
      "0",
      "0",
      "0",
      "highway=footway surface=asphalt",
      "barrier=kerb kerb=lowered",
      "3452",
      "43068"
     ],
     [
      "44797491",
      "41699456",
      "433",
      "142",
      "1260",
      "0",
      "0",
      "0",
      "0",
      "highway=footway surface=paving_stones",
      "",
      "3551",
      "43711"
     ],
     [
      "44798217",
      "41698780",
      "432",
      "96",
      "1260",
      "0",
      "0",
      "0",
      "0",
      "highway=footway surface=paving_stones foot=yes",
      "",
      "3616",
      "43711"
     ],
     [
      "44799536",
      "41699462",
      "417",
      "133",
      "1460",
      "0",
      "0",
      "0",
      "0",
      "highway=footway surface=asphalt",
      "highway=crossing crossing=uncontrolled kerb=raised",
      "3700",
      "43711"
     ],
     [
      "44799655",
      "41699443",
      "416",
      "13",
      "1460",
      "0",
      "0",
      "0",
      "0",
      "highway=footway surface=asphalt",
      "highway=crossing crossing=uncontrolled",
      "3708",
      "43711"
     ],
     [
      "44799700",
      "41699400",
      "416",
      "6",
      "1460",
      "0",
      "0",
      "0",
      "0",
      "highway=footway surface=asphalt",
      "",
      "3712",
      "43711"
     ],
     [
      "44799721",
      "41699410",
      "416",
      "2",
      "3800",
      "0",
      "0",
      "0",
      "0",
      "highway=steps surface=paving_stones",
      "",
      "3713",
      "43711"
     ],
     [
      "44800013",
      "41699560",
      "413",
      "29",
      "1460",
      "0",
      "0",
      "0",
      "0",
      "reversedirection=yes highway=footway surface=paving_stones",
      "highway=crossing crossing=unmarked",
      "3733",
      "43711"
     ],
     [
      "44800068",
      "41699588",
      "412",
      "6",
      "1460",
      "0",
      "0",
      "0",
      "0",
      "reversedirection=yes highway=footway surface=paving_stones",
      "",
      "3736",
      "43711"
     ],
     [
      "44800998",
      "41699443",
      "408",
      "80",
      "1260",
      "0",
      "0",
      "0",
      "0",
      "highway=footway surface=sett foot=yes",
      "",
      "3787",
      "43711"
     ],
     [
      "44801289",
      "41699375",
      "407",
      "38",
      "1460",
      "0",
      "0",
      "0",
      "0",
      "highway=footway surface=paving_stones foot=yes",
      "",
      "3810",
      "43711"
     ],
     [
      "44801897",
      "41699275",
      "407",
      "53",
      "1260",
      "0",
      "0",
      "0",
      "0",
      "highway=footway surface=sett",
      "",
      "3843",
      "43711"
     ],
     [
      "44802042",
      "41699353",
      "407",
      "15",
      "1460",
      "0",
      "0",
      "0",
      "0",
      "reversedirection=yes highway=footway surface=paving_stones",
      "",
      "3853",
      "43711"
     ],
     [
      "44802246",
      "41699086",
      "407",
      "36",
      "1460",
      "0",
      "0",
      "0",
      "0",
      "reversedirection=yes highway=footway surface=paving_stones foot=yes",
      "",
      "3878",
      "43711"
     ],
     [
      "44802530",
      "41698968",
      "407",
      "27",
      "1260",
      "0",
      "0",
      "0",
      "0",
      "highway=footway surface=sett",
      "",
      "3896",
      "43713"
     ],
     [
      "44802622",
      "41699018",
      "407",
      "9",
      "1460",
      "0",
      "0",
      "0",
      "0",
      "reversedirection=yes highway=footway surface=asphalt",
      "highway=crossing crossing=uncontrolled kerb=flush",
      "3902",
      "43713"
     ],
     [
      "44802962",
      "41698948",
      "407",
      "40",
      "1520",
      "0",
      "0",
      "0",
      "0",
      "highway=residential surface=asphalt",
      "",
      "3930",
      "43714"
     ],
     [
      "44802998",
      "41698912",
      "406",
      "5",
      "1400",
      "0",
      "0",
      "0",
      "0",
      "reversedirection=yes highway=pedestrian surface=paving_stones bicycle=yes",
      "barrier=bollard",
      "3933",
      "43714"
     ],
     [
      "44803645",
      "41698224",
      "406",
      "93",
      "1200",
      "0",
      "0",
      "0",
      "0",
      "reversedirection=yes highway=pedestrian surface=paving_stones bicycle=yes",
      "",
      "3997",
      "43746"
     ],
     [
      "44803725",
      "41698118",
      "406",
      "14",
      "1200",
      "0",
      "0",
      "0",
      "0",
      "highway=pedestrian surface=asphalt sidewalk=both",
      "barrier=bollard motor_vehicle=no",
      "4007",
      "43781"
     ],
     [
      "44803749",
      "41698092",
      "406",
      "4",
      "1200",
      "0",
      "0",
      "0",
      "0",
      "highway=pedestrian surface=asphalt sidewalk=both",
      "",
      "4010",
      "43794"
     ],
     [
      "44804251",
      "41697940",
      "405",
      "46",
      "1320",
      "0",
      "0",
      "0",
      "0",
      "highway=residential surface=asphalt sidewalk=both",
      "highway=crossing crossing=uncontrolled",
      "4042",
      "43885"
     ],
     [
      "44804688",
      "41697813",
      "405",
      "40",
      "1320",
      "0",
      "0",
      "0",
      "0",
      "highway=residential surface=asphalt sidewalk=both",
      "",
      "4069",
      "43914"
     ],
     [
      "44805168",
      "41697602",
      "404",
      "47",
      "1320",
      "0",
      "0",
      "0",
      "0",
      "reversedirection=yes highway=residential surface=asphalt",
      "traffic_calming=bump",
      "4102",
      "43921"
     ],
     [
      "44805371",
      "41697501",
      "404",
      "20",
      "1320",
      "0",
      "0",
      "0",
      "0",
      "reversedirection=yes highway=residential surface=asphalt",
      "traffic_calming=bump",
      "4116",
      "43959"
     ],
     [
      "44805723",
      "41697309",
      "405",
      "36",
      "1320",
      "0",
      "0",
      "0",
      "0",
      "reversedirection=yes highway=residential surface=asphalt",
      "traffic_calming=bump",
      "4141",
      "44224"
     ],
     [
      "44805875",
      "41696875",
      "406",
      "51",
      "1320",
      "0",
      "0",
      "0",
      "0",
      "reversedirection=yes highway=residential surface=asphalt",
      "",
      "4175",
      "44224"
     ],
     [
      "44805881",
      "41696848",
      "406",
      "3",
      "1320",
      "0",
      "0",
      "0",
      "0",
      "reversedirection=yes highway=residential surface=asphalt sidewalk=no",
      "highway=crossing crossing=uncontrolled kerb=flush",
      "4177",
      "44226"
     ],
     [
      "44805937",
      "41696853",
      "406",
      "5",
      "1260",
      "0",
      "0",
      "0",
      "0",
      "reversedirection=yes highway=footway surface=paving_stones",
      "barrier=bollard",
      "4181",
      "44231"
     ],
     [
      "44806822",
      "41696966",
      "405",
      "75",
      "1260",
      "0",
      "0",
      "0",
      "0",
      "reversedirection=yes highway=footway surface=paving_stones",
      "",
      "4233",
      "44542"
     ],
     [
      "44806894",
      "41696916",
      "404",
      "8",
      "3600",
      "0",
      "0",
      "0",
      "0",
      "reversedirection=yes highway=steps surface=sett",
      "",
      "4239",
      "44542"
     ],
     [
      "44806957",
      "41696666",
      "402",
      "28",
      "1260",
      "0",
      "0",
      "0",
      "0",
      "highway=footway surface=paving_stones",
      "",
      "4258",
      "44542"
     ],
     [
      "44807491",
      "41696690",
      "398",
      "45",
      "1418",
      "0",
      "0",
      "0",
      "0",
      "reversedirection=yes highway=footway surface=paving_stones",
      "",
      "4287",
      "44542"
     ],
     [
      "44809076",
      "41696850",
      "403",
      "133",
      "1260",
      "0",
      "0",
      "0",
      "0",
      "reversedirection=yes highway=footway surface=asphalt",
      "",
      "4375",
      "44542"
     ],
     [
      "44809410",
      "41696898",
      "405",
      "28",
      "1260",
      "0",
      "0",
      "0",
      "0",
      "reversedirection=yes highway=footway surface=paving_stones",
      "",
      "4395",
      "44580"
     ],
     [
      "44809482",
      "41696643",
      "406",
      "29",
      "1160",
      "0",
      "0",
      "0",
      "0",
      "highway=footway surface=paving_stones",
      "",
      "4416",
      "45065"
     ],
     [
      "44809498",
      "41696589",
      "406",
      "6",
      "3500",
      "0",
      "0",
      "0",
      "0",
      "highway=steps surface=concrete",
      "",
      "4420",
      "45170"
     ],
     [
      "44809541",
      "41696596",
      "407",
      "4",
      "1160",
      "0",
      "0",
      "0",
      "0",
      "highway=footway surface=asphalt",
      "",
      "4423",
      "45274"
     ],
     [
      "44811963",
      "41692652",
      "416",
      "488",
      "1260",
      "0",
      "0",
      "0",
      "0",
      "highway=footway surface=sett",
      "highway=crossing",
      "4794",
      "57241"
     ],
     [
      "44813044",
      "41692222",
      "428",
      "104",
      "1260",
      "0",
      "0",
      "0",
      "0",
      "highway=footway surface=sett",
      "highway=crossing crossing=uncontrolled",
      "4889",
      "64453"
     ],
     [
      "44813119",
      "41692159",
      "429",
      "9",
      "1260",
      "0",
      "0",
      "0",
      "0",
      "highway=footway surface=sett",
      "",
      "4897",
      "65165"
     ],
     [
      "44813318",
      "41692176",
      "431",
      "17",
      "1160",
      "0",
      "0",
      "0",
      "0",
      "reversedirection=yes highway=footway surface=asphalt",
      "",
      "4914",
      "66578"
     ],
     [
      "44814480",
      "41691907",
      "433",
      "101",
      "1160",
      "0",
      "0",
      "0",
      "0",
      "highway=footway surface=asphalt",
      "highway=crossing crossing=marked",
      "5002",
      "72762"
     ],
     [
      "44816747",
      "41690930",
      "429",
      "218",
      "1260",
      "0",
      "0",
      "0",
      "0",
      "highway=footway surface=asphalt",
      "highway=crossing",
      "5167",
      "77717"
     ],
     [
      "44817172",
      "41690734",
      "430",
      "42",
      "1260",
      "0",
      "0",
      "0",
      "0",
      "highway=footway surface=asphalt",
      "highway=crossing crossing=unmarked",
      "5198",
      "78386"
     ],
     [
      "44817660",
      "41690498",
      "430",
      "48",
      "1260",
      "0",
      "0",
      "0",
      "0",
      "highway=footway surface=asphalt",
      "highway=crossing",
      "5233",
      "79180"
     ],
     [
      "44818592",
      "41690033",
      "428",
      "93",
      "1260",
      "0",
      "0",
      "0",
      "0",
      "highway=footway surface=asphalt",
      "highway=crossing crossing=unmarked",
      "5297",
      "79180"
     ],
     [
      "44819270",
      "41689710",
      "424",
      "67",
      "1260",
      "0",
      "0",
      "0",
      "0",
      "highway=footway surface=asphalt",
      "highway=crossing crossing=unmarked",
      "5343",
      "79271"
     ],
     [
      "44819865",
      "41689426",
      "422",
      "59",
      "1460",
      "0",
      "0",
      "0",
      "0",
      "highway=footway surface=asphalt",
      "",
      "5383",
      "79271"
     ],
     [
      "44820017",
      "41689293",
      "421",
      "19",
      "1460",
      "0",
      "0",
      "0",
      "0",
      "reversedirection=yes highway=footway surface=asphalt",
      "highway=crossing crossing=unmarked",
      "5395",
      "79271"
     ],
     [
      "44822120",
      "41688120",
      "422",
      "222",
      "1260",
      "0",
      "0",
      "0",
      "0",
      "reversedirection=yes highway=footway surface=asphalt",
      "highway=crossing crossing=uncontrolled",
      "5542",
      "79572"
     ],
     [
      "44822441",
      "41687946",
      "425",
      "33",
      "1160",
      "0",
      "0",
      "0",
      "0",
      "reversedirection=yes highway=footway surface=asphalt",
      "highway=crossing crossing=uncontrolled",
      "5566",
      "79944"
     ],
     [
      "44823772",
      "41687381",
      "428",
      "128",
      "1160",
      "0",
      "0",
      "0",
      "0",
      "reversedirection=yes highway=footway surface=asphalt",
      "highway=crossing crossing=unmarked",
      "5662",
      "82536"
     ],
     [
      "44824274",
      "41687279",
      "430",
      "43",
      "1160",
      "0",
      "0",
      "0",
      "0",
      "reversedirection=yes highway=footway surface=asphalt",
      "",
      "5696",
      "84040"
     ],
     [
      "44824291",
      "41687306",
      "430",
      "3",
      "1260",
      "0",
      "0",
      "0",
      "0",
      "reversedirection=yes highway=footway",
      "highway=crossing estimated_crossing_class=0 crossing=uncontrolled",
      "5698",
      "84128"
     ],
     [
      "44824377",
      "41687331",
      "430",
      "9",
      "1260",
      "0",
      "0",
      "0",
      "0",
      "reversedirection=yes highway=footway",
      "",
      "5705",
      "84403"
     ],
     [
      "44824728",
      "41687326",
      "430",
      "29",
      "1260",
      "0",
      "0",
      "0",
      "0",
      "highway=footway",
      "",
      "5727",
      "85071"
     ],
     [
      "44826287",
      "41687316",
      "428",
      "130",
      "1260",
      "0",
      "0",
      "0",
      "0",
      "reversedirection=yes highway=footway surface=asphalt",
      "highway=crossing crossing=uncontrolled",
      "5824",
      "87884"
     ],
     [
      "44827607",
      "41687299",
      "432",
      "110",
      "1260",
      "0",
      "0",
      "0",
      "0",
      "reversedirection=yes highway=footway surface=asphalt",
      "highway=crossing crossing=traffic_signals",
      "5907",
      "90090"
     ],
     [
      "44827698",
      "41687297",
      "432",
      "8",
      "1260",
      "0",
      "0",
      "0",
      "0",
      "reversedirection=yes highway=footway surface=asphalt",
      "",
      "5912",
      "90227"
     ],
     [
      "44827748",
      "41687310",
      "432",
      "4",
      "1260",
      "0",
      "0",
      "0",
      "0",
      "reversedirection=yes highway=footway",
      "",
      "5915",
      "90293"
     ],
     [
      "44831526",
      "41687250",
      "432",
      "315",
      "1260",
      "0",
      "0",
      "0",
      "0",
      "highway=footway surface=asphalt",
      "",
      "6147",
      "95566"
     ],
     [
      "44833285",
      "41687031",
      "428",
      "149",
      "1260",
      "0",
      "0",
      "0",
      "0",
      "reversedirection=yes highway=footway surface=asphalt",
      "highway=crossing estimated_crossing_class=0 crossing=traffic_signals",
      "6248",
      "95580"
     ],
     [
      "44833425",
      "41687017",
      "428",
      "12",
      "1260",
      "0",
      "0",
      "0",
      "0",
      "reversedirection=yes highway=footway surface=asphalt",
      "",
      "6257",
      "95605"
     ],
     [
      "44834529",
      "41686908",
      "431",
      "93",
      "1260",
      "0",
      "0",
      "0",
      "0",
      "highway=footway surface=asphalt",
      "highway=crossing",
      "6326",
      "97406"
     ],
     [
      "44836729",
      "41686637",
      "433",
      "186",
      "1260",
      "0",
      "0",
      "0",
      "0",
      "highway=footway surface=asphalt",
      "highway=crossing crossing=traffic_signals",
      "6460",
      "99602"
     ],
     [
      "44837874",
      "41686524",
      "430",
      "96",
      "1260",
      "0",
      "0",
      "0",
      "0",
      "highway=footway surface=asphalt",
      "",
      "6529",
      "100409"
     ],
     [
      "44837896",
      "41686497",
      "430",
      "4",
      "1440",
      "0",
      "0",
      "0",
      "0",
      "highway=service surface=asphalt",
      "",
      "6531",
      "100428"
     ],
     [
      "44838110",
      "41686466",
      "429",
      "18",
      "1440",
      "0",
      "0",
      "0",
      "0",
      "highway=service",
      "",
      "6544",
      "100428"
     ],
     [
      "44838136",
      "41686486",
      "429",
      "3",
      "1440",
      "0",
      "0",
      "0",
      "0",
      "highway=service surface=asphalt",
      "",
      "6546",
      "100428"
     ],
     [
      "44839545",
      "41686276",
      "425",
      "120",
      "1260",
      "0",
      "0",
      "0",
      "0",
      "reversedirection=yes highway=footway surface=asphalt",
      "highway=crossing",
      "6628",
      "100486"
     ],
     [
      "44840291",
      "41686157",
      "425",
      "66",
      "1260",
      "0",
      "0",
      "0",
      "0",
      "reversedirection=yes highway=footway surface=asphalt",
      "highway=crossing estimated_crossing_class=0 crossing=traffic_signals",
      "6674",
      "100779"
     ],
     [
      "44840398",
      "41686160",
      "426",
      "9",
      "1260",
      "0",
      "0",
      "0",
      "0",
      "reversedirection=yes highway=footway surface=asphalt",
      "highway=crossing estimated_crossing_class=0 crossing=traffic_signals",
      "6680",
      "100779"
     ],
     [
      "44840455",
      "41686149",
      "426",
      "5",
      "1260",
      "0",
      "0",
      "0",
      "0",
      "reversedirection=yes highway=footway surface=asphalt",
      "",
      "6683",
      "100779"
     ],
     [
      "44840525",
      "41686106",
      "426",
      "8",
      "1260",
      "0",
      "0",
      "0",
      "0",
      "reversedirection=yes highway=footway",
      "highway=crossing estimated_crossing_class=0 crossing=traffic_signals",
      "6689",
      "100779"
     ],
     [
      "44840595",
      "41686062",
      "427",
      "8",
      "1260",
      "0",
      "0",
      "0",
      "0",
      "reversedirection=yes highway=footway",
      "",
      "6694",
      "100800"
     ],
     [
      "44840832",
      "41686105",
      "428",
      "20",
      "1260",
      "0",
      "0",
      "0",
      "0",
      "highway=footway",
      "",
      "6708",
      "100946"
     ],
     [
      "44842542",
      "41686057",
      "433",
      "143",
      "1260",
      "0",
      "0",
      "0",
      "0",
      "highway=footway surface=asphalt",
      "highway=crossing",
      "6814",
      "103586"
     ],
     [
      "44843280",
      "41686057",
      "433",
      "61",
      "1260",
      "0",
      "0",
      "0",
      "0",
      "highway=footway surface=asphalt",
      "highway=crossing",
      "6859",
      "104482"
     ],
     [
      "44846657",
      "41685958",
      "434",
      "281",
      "1260",
      "0",
      "0",
      "0",
      "0",
      "highway=footway surface=asphalt",
      "highway=crossing crossing=traffic_signals",
      "7068",
      "109794"
     ],
     [
      "44848236",
      "41685904",
      "431",
      "132",
      "1260",
      "0",
      "0",
      "0",
      "0",
      "highway=footway surface=asphalt",
      "highway=crossing crossing=unmarked",
      "7159",
      "110029"
     ],
     [
      "44849108",
      "41685876",
      "433",
      "73",
      "1260",
      "0",
      "0",
      "0",
      "0",
      "highway=footway surface=asphalt",
      "highway=crossing",
      "7213",
      "111365"
     ],
     [
      "44849186",
      "41685873",
      "434",
      "7",
      "1260",
      "0",
      "0",
      "0",
      "0",
      "highway=footway surface=asphalt",
      "highway=crossing",
      "7219",
      "111519"
     ],
     [
      "44850253",
      "41685838",
      "432",
      "89",
      "1260",
      "0",
      "0",
      "0",
      "0",
      "highway=footway surface=asphalt",
      "highway=crossing crossing=traffic_signals",
      "7282",
      "112306"
     ],
     [
      "44850337",
      "41685834",
      "432",
      "7",
      "1260",
      "0",
      "0",
      "0",
      "0",
      "highway=footway surface=asphalt",
      "",
      "7287",
      "112337"
     ],
     [
      "44851780",
      "41685718",
      "432",
      "122",
      "1260",
      "0",
      "0",
      "0",
      "0",
      "highway=footway",
      "highway=crossing",
      "7373",
      "113020"
     ],
     [
      "44853406",
      "41685299",
      "436",
      "144",
      "1260",
      "0",
      "0",
      "0",
      "0",
      "highway=footway",
      "",
      "7483",
      "116798"
     ],
     [
      "44854214",
      "41685094",
      "436",
      "71",
      "1260",
      "0",
      "0",
      "0",
      "0",
      "reversedirection=yes highway=footway surface=asphalt",
      "highway=crossing crossing=traffic_signals kerb=lowered",
      "7536",
      "118283"
     ],
     [
      "44857245",
      "41684419",
      "432",
      "265",
      "1260",
      "0",
      "0",
      "0",
      "0",
      "reversedirection=yes highway=footway surface=asphalt",
      "highway=crossing crossing=unmarked",
      "7720",
      "119383"
     ],
     [
      "44857821",
      "41684312",
      "432",
      "49",
      "1260",
      "0",
      "0",
      "0",
      "0",
      "reversedirection=yes highway=footway surface=asphalt",
      "",
      "7754",
      "119398"
     ],
     [
      "44857902",
      "41684300",
      "432",
      "7",
      "1260",
      "0",
      "0",
      "0",
      "0",
      "reversedirection=yes highway=footway",
      "highway=crossing crossing=traffic_signals",
      "7759",
      "119401"
     ],
     [
      "44857999",
      "41684284",
      "431",
      "8",
      "1260",
      "0",
      "0",
      "0",
      "0",
      "reversedirection=yes highway=footway",
      "",
      "7764",
      "119401"
     ],
     [
      "44858721",
      "41684157",
      "430",
      "62",
      "1260",
      "0",
      "0",
      "0",
      "0",
      "reversedirection=yes highway=footway surface=asphalt",
      "",
      "7806",
      "119401"
     ],
     [
      "44860369",
      "41683878",
      "429",
      "140",
      "1260",
      "0",
      "0",
      "0",
      "0",
      "highway=footway",
      "",
      "7901",
      "119401"
     ],
     [
      "44860433",
      "41683867",
      "429",
      "5",
      "1260",
      "0",
      "0",
      "0",
      "0",
      "reversedirection=yes highway=footway",
      "highway=crossing crossing=uncontrolled",
      "7905",
      "119414"
     ],
     [
      "44860727",
      "41683812",
      "428",
      "25",
      "1260",
      "0",
      "0",
      "0",
      "0",
      "reversedirection=yes highway=footway",
      "",
      "7922",
      "119468"
     ],
     [
      "44860794",
      "41683798",
      "428",
      "6",
      "1260",
      "0",
      "0",
      "0",
      "0",
      "highway=footway",
      "highway=crossing crossing=traffic_signals",
      "7926",
      "119472"
     ],
     [
      "44860900",
      "41683774",
      "428",
      "9",
      "1260",
      "0",
      "0",
      "0",
      "0",
      "highway=footway",
      "highway=crossing crossing=traffic_signals",
      "7932",
      "119482"
     ],
     [
      "44860994",
      "41683753",
      "428",
      "8",
      "1260",
      "0",
      "0",
      "0",
      "0",
      "highway=footway",
      "",
      "7938",
      "119496"
     ],
     [
      "44866542",
      "41681340",
      "427",
      "539",
      "1260",
      "0",
      "0",
      "0",
      "0",
      "reversedirection=yes highway=footway",
      "highway=crossing crossing=uncontrolled",
      "8317",
      "122336"
     ],
     [
      "44868048",
      "41680791",
      "428",
      "140",
      "1260",
      "0",
      "0",
      "0",
      "0",
      "reversedirection=yes highway=footway",
      "highway=crossing",
      "8420",
      "124731"
     ],
     [
      "44871052",
      "41679698",
      "426",
      "279",
      "1260",
      "0",
      "0",
      "0",
      "0",
      "reversedirection=yes highway=footway",
      "highway=crossing crossing=marked",
      "8615",
      "126056"
     ],
     [
      "44871186",
      "41679634",
      "426",
      "13",
      "1260",
      "0",
      "0",
      "0",
      "0",
      "reversedirection=yes highway=footway",
      "",
      "8624",
      "126181"
     ],
     [
      "44873600",
      "41677669",
      "421",
      "299",
      "1260",
      "0",
      "0",
      "0",
      "0",
      "highway=footway",
      "highway=crossing crossing=uncontrolled",
      "8829",
      "126534"
     ],
     [
      "44879881",
      "41674145",
      "415",
      "663",
      "1260",
      "0",
      "0",
      "0",
      "0",
      "highway=footway",
      "highway=crossing",
      "9286",
      "129228"
     ],
     [
      "44881095",
      "41673649",
      "415",
      "115",
      "1260",
      "0",
      "0",
      "0",
      "0",
      "highway=footway",
      "highway=crossing",
      "9368",
      "130197"
     ],
     [
      "44882281",
      "41673175",
      "414",
      "112",
      "1260",
      "0",
      "0",
      "0",
      "0",
      "highway=footway",
      "highway=crossing",
      "9447",
      "130790"
     ],
     [
      "44883408",
      "41672676",
      "414",
      "111",
      "1260",
      "0",
      "0",
      "0",
      "0",
      "highway=footway",
      "",
      "9524",
      "131211"
     ],
     [
      "44883526",
      "41672621",
      "414",
      "12",
      "1260",
      "0",
      "0",
      "0",
      "0",
      "reversedirection=yes highway=footway",
      "highway=crossing crossing=traffic_signals",
      "9533",
      "131362"
     ],
     [
      "44884873",
      "41672112",
      "416",
      "126",
      "1260",
      "0",
      "0",
      "0",
      "0",
      "reversedirection=yes highway=footway",
      "highway=crossing",
      "9627",
      "133794"
     ],
     [
      "44885712",
      "41671789",
      "416",
      "78",
      "1260",
      "0",
      "0",
      "0",
      "0",
      "reversedirection=yes highway=footway",
      "highway=crossing crossing=uncontrolled",
      "9683",
      "134717"
     ],
     [
      "44886696",
      "41671399",
      "415",
      "93",
      "1260",
      "0",
      "0",
      "0",
      "0",
      "reversedirection=yes highway=footway",
      "highway=crossing",
      "9748",
      "135146"
     ],
     [
      "44887531",
      "41671067",
      "414",
      "78",
      "1260",
      "0",
      "0",
      "0",
      "0",
      "reversedirection=yes highway=footway",
      "highway=crossing",
      "9803",
      "135550"
     ],
     [
      "44887811",
      "41670956",
      "415",
      "26",
      "1260",
      "0",
      "0",
      "0",
      "0",
      "reversedirection=yes highway=footway",
      "highway=crossing",
      "9822",
      "135800"
     ],
     [
      "44887482",
      "41669928",
      "411",
      "123",
      "1320",
      "0",
      "0",
      "0",
      "0",
      "highway=residential",
      "",
      "9906",
      "135916"
     ],
     [
      "44889647",
      "41669059",
      "406",
      "205",
      "1320",
      "0",
      "0",
      "0",
      "0",
      "reversedirection=yes highway=residential",
      "",
      "10045",
      "136079"
     ],
     [
      "44889747",
      "41668924",
      "407",
      "17",
      "3600",
      "0",
      "0",
      "0",
      "0",
      "highway=steps",
      "",
      "10057",
      "136184"
     ],
     [
      "44889916",
      "41668858",
      "407",
      "16",
      "1260",
      "0",
      "0",
      "0",
      "0",
      "highway=footway",
      "",
      "10068",
      "136184"
     ],
     [
      "44890303",
      "41668666",
      "409",
      "41",
      "1440",
      "0",
      "0",
      "0",
      "0",
      "highway=service",
      "estimated_crossing_class=4",
      "10096",
      "136363"
     ],
     [
      "44890387",
      "41668631",
      "409",
      "8",
      "1440",
      "0",
      "0",
      "0",
      "0",
      "highway=service",
      "highway=crossing",
      "10102",
      "136425"
     ],
     [
      "44890119",
      "41668221",
      "408",
      "51",
      "1260",
      "0",
      "0",
      "0",
      "0",
      "reversedirection=yes highway=footway surface=asphalt",
      "highway=crossing crossing=unmarked",
      "10137",
      "136425"
     ],
     [
      "44895391",
      "41666201",
      "404",
      "494",
      "1320",
      "0",
      "0",
      "0",
      "0",
      "highway=residential surface=asphalt",
      "",
      "10480",
      "138771"
     ],
     [
      "44895671",
      "41666625",
      "406",
      "52",
      "1320",
      "0",
      "0",
      "0",
      "0",
      "reversedirection=yes highway=residential",
      "",
      "10518",
      "139649"
     ],
     [
      "44895959",
      "41666548",
      "406",
      "26",
      "1260",
      "0",
      "0",
      "0",
      "0",
      "reversedirection=yes highway=footway",
      "",
      "10537",
      "140148"
     ],
     [
      "44896021",
      "41666635",
      "406",
      "11",
      "1260",
      "0",
      "0",
      "0",
      "0",
      "highway=footway",
      "",
      "10545",
      "140363"
     ],
     [
      "44896316",
      "41666520",
      "406",
      "28",
      "1440",
      "0",
      "0",
      "0",
      "0",
      "reversedirection=yes highway=service",
      "",
      "10566",
      "140807"
     ],
     [
      "44896489",
      "41666783",
      "406",
      "33",
      "1440",
      "0",
      "0",
      "0",
      "0",
      "reversedirection=yes highway=service surface=asphalt",
      "",
      "10590",
      "141335"
     ],
     [
      "44897053",
      "41666561",
      "406",
      "53",
      "3000",
      "0",
      "0",
      "0",
      "0",
      "highway=tertiary surface=asphalt",
      "",
      "10629",
      "142060"
     ],
     [
      "44897660",
      "41667429",
      "405",
      "110",
      "1320",
      "0",
      "0",
      "0",
      "0",
      "highway=residential surface=asphalt",
      "",
      "10706",
      "142700"
     ],
     [
      "44899830",
      "41667434",
      "408",
      "231",
      "1320",
      "0",
      "0",
      "0",
      "0",
      "highway=residential",
      "",
      "10877",
      "146695"
     ],
     [
      "44900696",
      "41667210",
      "408",
      "81",
      "1260",
      "0",
      "0",
      "0",
      "0",
      "highway=path",
      "",
      "10935",
      "147591"
     ],
     [
      "44904127",
      "41665796",
      "407",
      "330",
      "1320",
      "0",
      "0",
      "0",
      "0",
      "highway=residential",
      "",
      "11170",
      "150355"
     ],
     [
      "44905985",
      "41666348",
      "409",
      "243",
      "1440",
      "0",
      "0",
      "0",
      "0",
      "highway=service",
      "",
      "11346",
      "153246"
     ],
     [
      "44906213",
      "41666565",
      "411",
      "32",
      "1440",
      "0",
      "0",
      "0",
      "0",
      "reversedirection=yes highway=service",
      "",
      "11370",
      "154093"
     ],
     [
      "44908029",
      "41667549",
      "416",
      "247",
      "1320",
      "0",
      "0",
      "0",
      "0",
      "highway=residential",
      "estimated_crossing_class=5",
      "11555",
      "159105"
     ],
     [
      "44907951",
      "41667579",
      "416",
      "7",
      "4800",
      "0",
      "0",
      "0",
      "0",
      "reversedirection=yes highway=secondary surface=asphalt",
      "estimated_crossing_class=5",
      "11560",
      "159214"
     ],
     [
      "44907784",
      "41668072",
      "415",
      "61",
      "1260",
      "0",
      "0",
      "0",
      "0",
      "reversedirection=yes highway=path",
      "",
      "11604",
      "159901"
     ],
     [
      "44908098",
      "41668172",
      "415",
      "32",
      "1260",
      "0",
      "0",
      "0",
      "0",
      "highway=footway",
      "railway=crossing",
      "11627",
      "160209"
     ],
     [
      "44908143",
      "41668223",
      "415",
      "7",
      "1260",
      "0",
      "0",
      "0",
      "0",
      "highway=footway",
      "railway=crossing",
      "11632",
      "160439"
     ],
     [
      "44908166",
      "41668263",
      "415",
      "5",
      "1260",
      "0",
      "0",
      "0",
      "0",
      "highway=footway",
      "railway=crossing",
      "11636",
      "160597"
     ],
     [
      "44908219",
      "41668350",
      "415",
      "11",
      "1260",
      "0",
      "0",
      "0",
      "0",
      "highway=footway",
      "railway=crossing",
      "11644",
      "160902"
     ],
     [
      "44908280",
      "41668383",
      "415",
      "6",
      "1260",
      "0",
      "0",
      "0",
      "0",
      "highway=footway",
      "railway=crossing",
      "11649",
      "161060"
     ],
     [
      "44908355",
      "41668454",
      "415",
      "10",
      "1260",
      "0",
      "0",
      "0",
      "0",
      "highway=footway",
      "railway=crossing",
      "11657",
      "161330"
     ],
     [
      "44908376",
      "41668474",
      "415",
      "3",
      "1260",
      "0",
      "0",
      "0",
      "0",
      "highway=footway",
      "railway=crossing",
      "11659",
      "161408"
     ],
     [
      "44908409",
      "41668527",
      "415",
      "6",
      "1260",
      "0",
      "0",
      "0",
      "0",
      "highway=footway",
      "railway=crossing",
      "11664",
      "161572"
     ],
     [
      "44908439",
      "41668575",
      "415",
      "6",
      "1260",
      "0",
      "0",
      "0",
      "0",
      "highway=footway",
      "railway=crossing",
      "11668",
      "161729"
     ],
     [
      "44908467",
      "41668615",
      "415",
      "5",
      "1260",
      "0",
      "0",
      "0",
      "0",
      "highway=footway",
      "railway=crossing",
      "11672",
      "161867"
     ],
     [
      "44908529",
      "41668718",
      "416",
      "13",
      "1260",
      "0",
      "0",
      "0",
      "0",
      "highway=footway",
      "",
      "11682",
      "162258"
     ],
     [
      "44912264",
      "41668066",
      "415",
      "336",
      "1440",
      "0",
      "0",
      "0",
      "0",
      "highway=service",
      "railway=level_crossing",
      "11927",
      "166880"
     ],
     [
      "44912303",
      "41668096",
      "416",
      "5",
      "1440",
      "0",
      "0",
      "0",
      "0",
      "highway=service",
      "railway=level_crossing",
      "11930",
      "166937"
     ],
     [
      "44912417",
      "41668224",
      "416",
      "18",
      "1440",
      "0",
      "0",
      "0",
      "0",
      "highway=service",
      "railway=level_crossing",
      "11943",
      "167195"
     ],
     [
      "44912490",
      "41668298",
      "416",
      "10",
      "1440",
      "0",
      "0",
      "0",
      "0",
      "highway=service",
      "",
      "11951",
      "167362"
     ],
     [
      "44912900",
      "41668748",
      "419",
      "61",
      "1320",
      "0",
      "0",
      "0",
      "0",
      "highway=residential",
      "highway=crossing",
      "11996",
      "168370"
     ],
     [
      "44914033",
      "41668298",
      "417",
      "107",
      "1260",
      "0",
      "0",
      "0",
      "0",
      "reversedirection=yes highway=footway",
      "highway=crossing",
      "12074",
      "170111"
     ],
     [
      "44915065",
      "41667891",
      "417",
      "97",
      "1260",
      "0",
      "0",
      "0",
      "0",
      "reversedirection=yes highway=footway",
      "highway=crossing",
      "12144",
      "171253"
     ],
     [
      "44915901",
      "41667561",
      "417",
      "79",
      "1260",
      "0",
      "0",
      "0",
      "0",
      "reversedirection=yes highway=footway",
      "highway=crossing",
      "12200",
      "171826"
     ],
     [
      "44916843",
      "41667189",
      "416",
      "89",
      "1260",
      "0",
      "0",
      "0",
      "0",
      "reversedirection=yes highway=footway",
      "highway=crossing",
      "12262",
      "172055"
     ],
     [
      "44917941",
      "41666755",
      "414",
      "103",
      "1260",
      "0",
      "0",
      "0",
      "0",
      "reversedirection=yes highway=footway",
      "highway=crossing",
      "12332",
      "172055"
     ],
     [
      "44919212",
      "41666252",
      "413",
      "120",
      "1260",
      "0",
      "0",
      "0",
      "0",
      "reversedirection=yes highway=footway",
      "highway=crossing",
      "12415",
      "172243"
     ],
     [
      "44919828",
      "41665994",
      "412",
      "59",
      "1260",
      "0",
      "0",
      "0",
      "0",
      "reversedirection=yes highway=footway",
      "",
      "12455",
      "172246"
     ],
     [
      "44919931",
      "41665956",
      "412",
      "10",
      "1260",
      "0",
      "0",
      "0",
      "0",
      "highway=footway",
      "highway=crossing crossing=marked",
      "12462",
      "172246"
     ],
     [
      "44920343",
      "41666370",
      "412",
      "66",
      "1260",
      "0",
      "0",
      "0",
      "0",
      "highway=footway",
      "",
      "12508",
      "172485"
     ],
     [
      "44920921",
      "41666249",
      "412",
      "50",
      "1260",
      "0",
      "0",
      "0",
      "0",
      "reversedirection=yes highway=path",
      "",
      "12543",
      "172751"
     ],
     [
      "44921439",
      "41666048",
      "412",
      "49",
      "1440",
      "0",
      "0",
      "0",
      "0",
      "highway=service",
      "",
      "12578",
      "173149"
     ],
     [
      "44921662",
      "41666360",
      "413",
      "39",
      "1320",
      "0",
      "0",
      "0",
      "0",
      "highway=residential",
      "",
      "12607",
      "173907"
     ],
     [
      "44929519",
      "41661962",
      "405",
      "819",
      "1320",
      "0",
      "0",
      "0",
      "0",
      "reversedirection=yes highway=residential",
      "",
      "13183",
      "179096"
     ],
     [
      "44941378",
      "41656207",
      "406",
      "1300",
      "1800",
      "0",
      "0",
      "0",
      "0",
      "highway=unclassified",
      "",
      "14090",
      "189377"
     ],
     [
      "44943712",
      "41653821",
      "397",
      "383",
      "1320",
      "0",
      "0",
      "0",
      "0",
      "reversedirection=yes highway=residential surface=unpaved",
      "",
      "14365",
      "193520"
     ],
     [
      "44943574",
      "41654085",
      "398",
      "31",
      "1800",
      "0",
      "0",
      "0",
      "0",
      "reversedirection=yes highway=unclassified",
      "",
      "14388",
      "194007"
     ],
     [
      "44943775",
      "41654110",
      "399",
      "17",
      "1320",
      "0",
      "0",
      "0",
      "0",
      "reversedirection=yes highway=residential surface=unpaved",
      "",
      "14400",
      "194284"
     ],
     [
      "44946560",
      "41653808",
      "409",
      "262",
      "1320",
      "0",
      "0",
      "0",
      "0",
      "highway=residential surface=unpaved",
      "",
      "14600",
      "200991"
     ],
     [
      "44947657",
      "41653266",
      "419",
      "115",
      "1260",
      "0",
      "0",
      "0",
      "0",
      "highway=track",
      "",
      "14702",
      "208327"
     ],
     [
      "44949800",
      "41653384",
      "430",
      "187",
      "1440",
      "0",
      "0",
      "0",
      "0",
      "reversedirection=yes highway=service",
      "",
      "14872",
      "221305"
     ],
     [
      "44957653",
      "41649664",
      "420",
      "903",
      "1260",
      "0",
      "0",
      "0",
      "0",
      "highway=track",
      "",
      "15535",
      "239005"
     ],
     [
      "44958566",
      "41642323",
      "391",
      "963",
      "1260",
      "0",
      "0",
      "0",
      "0",
      "reversedirection=yes highway=track",
      "",
      "16188",
      "246428"
     ],
     [
      "44959740",
      "41641177",
      "387",
      "162",
      "1440",
      "0",
      "0",
      "0",
      "0",
      "highway=service",
      "",
      "16291",
      "246428"
     ],
     [
      "44959802",
      "41641129",
      "387",
      "7",
      "1800",
      "0",
      "0",
      "0",
      "0",
      "highway=unclassified surface=unpaved",
      "railway=level_crossing",
      "16295",
      "246428"
     ],
     [
      "44961264",
      "41639739",
      "387",
      "243",
      "1800",
      "0",
      "0",
      "0",
      "0",
      "highway=unclassified surface=unpaved",
      "",
      "16457",
      "246897"
     ],
     [
      "44962275",
      "41637026",
      "393",
      "319",
      "1800",
      "0",
      "0",
      "0",
      "0",
      "reversedirection=yes highway=unclassified surface=unpaved",
      "",
      "16691",
      "251843"
     ],
     [
      "44963003",
      "41636859",
      "397",
      "63",
      "1260",
      "0",
      "0",
      "0",
      "0",
      "reversedirection=yes highway=track",
      "",
      "16740",
      "253966"
     ],
     [
      "44965680",
      "41636629",
      "403",
      "235",
      "1260",
      "0",
      "0",
      "0",
      "0",
      "highway=track",
      "",
      "16927",
      "262326"
     ],
     [
      "44965837",
      "41636540",
      "403",
      "16",
      "1260",
      "0",
      "0",
      "0",
      "0",
      "reversedirection=yes highway=track",
      "",
      "16939",
      "262706"
     ],
     [
      "44968799",
      "41633978",
      "396",
      "432",
      "1260",
      "0",
      "0",
      "0",
      "0",
      "reversedirection=yes highway=track tracktype=grade4",
      "",
      "17244",
      "265533"
     ],
     [
      "44970472",
      "41631424",
      "389",
      "317",
      "1800",
      "0",
      "0",
      "0",
      "0",
      "reversedirection=yes highway=unclassified surface=unpaved",
      "",
      "17460",
      "265630"
     ],
     [
      "44971148",
      "41632026",
      "393",
      "89",
      "1320",
      "0",
      "0",
      "0",
      "0",
      "reversedirection=yes highway=track tracktype=grade2",
      "",
      "17523",
      "266141"
     ],
     [
      "44972089",
      "41631288",
      "396",
      "132",
      "1260",
      "0",
      "0",
      "0",
      "0",
      "highway=track tracktype=grade4",
      "",
      "17623",
      "269152"
     ],
     [
      "44975822",
      "41629293",
      "400",
      "384",
      "1260",
      "0",
      "0",
      "0",
      "0",
      "highway=track",
      "",
      "17904",
      "274871"
     ],
     [
      "44983350",
      "41618688",
      "386",
      "1383",
      "1320",
      "0",
      "0",
      "0",
      "0",
      "highway=residential surface=unpaved",
      "",
      "18880",
      "285571"
     ],
     [
      "44982576",
      "41617720",
      "378",
      "134",
      "1320",
      "0",
      "0",
      "0",
      "0",
      "reversedirection=yes highway=residential surface=unpaved",
      "",
      "18963",
      "285571"
     ],
     [
      "44982523",
      "41616818",
      "370",
      "103",
      "3000",
      "0",
      "0",
      "0",
      "0",
      "reversedirection=yes highway=tertiary",
      "",
      "19028",
      "285571"
     ],
     [
      "44982348",
      "41616246",
      "368",
      "68",
      "3000",
      "0",
      "0",
      "0",
      "0",
      "highway=tertiary",
      "",
      "19069",
      "285571"
     ],
     [
      "44984079",
      "41615135",
      "379",
      "215",
      "1260",
      "0",
      "0",
      "0",
      "0",
      "highway=track",
      "",
      "19225",
      "289024"
     ],
     [
      "44983688",
      "41614935",
      "377",
      "39",
      "24000",
      "0",
      "0",
      "0",
      "0",
      "reversedirection=yes highway=trunk surface=asphalt foot=yes",
      "",
      "19254",
      "289687"
     ],
     [
      "44987615",
      "41607814",
      "348",
      "907",
      "1800",
      "0",
      "0",
      "0",
      "0",
      "reversedirection=yes highway=unclassified",
      "ford=yes",
      "19848",
      "290464"
     ],
     [
      "44989848",
      "41606671",
      "350",
      "225",
      "1800",
      "0",
      "0",
      "0",
      "0",
      "reversedirection=yes highway=unclassified",
      "",
      "20008",
      "292252"
     ],
     [
      "45007215",
      "41595956",
      "351",
      "2295",
      "1320",
      "0",
      "0",
      "0",
      "0",
      "reversedirection=yes highway=track tracktype=grade2",
      "",
      "21663",
      "320027"
     ],
     [
      "45018798",
      "41596080",
      "398",
      "1191",
      "1260",
      "0",
      "0",
      "0",
      "0",
      "highway=track tracktype=grade3",
      "estimated_crossing_class=5",
      "22633",
      "367657"
     ],
     [
      "45019376",
      "41596144",
      "400",
      "49",
      "1800",
      "0",
      "0",
      "0",
      "0",
      "highway=unclassified",
      "",
      "22670",
      "369002"
     ],
     [
      "45019385",
      "41596035",
      "399",
      "12",
      "1320",
      "0",
      "0",
      "0",
      "0",
      "highway=residential tracktype=grade3",
      "",
      "22679",
      "369247"
     ],
     [
      "45019828",
      "41593265",
      "392",
      "313",
      "1260",
      "0",
      "0",
      "0",
      "0",
      "highway=track tracktype=grade3",
      "",
      "22897",
      "369966"
     ],
     [
      "45019003",
      "41593096",
      "392",
      "72",
      "1440",
      "0",
      "0",
      "0",
      "0",
      "highway=service",
      "estimated_crossing_class=5",
      "22947",
      "370262"
     ],
     [
      "45019071",
      "41591838",
      "392",
      "139",
      "4800",
      "0",
      "0",
      "0",
      "0",
      "reversedirection=yes highway=secondary surface=asphalt foot=yes",
      "estimated_crossing_class=5",
      "23041",
      "370279"
     ],
     [
      "45019339",
      "41591679",
      "394",
      "30",
      "3000",
      "0",
      "0",
      "0",
      "0",
      "reversedirection=yes highway=tertiary",
      "",
      "23063",
      "370639"
     ],
     [
      "45022289",
      "41592013",
      "396",
      "249",
      "3000",
      "0",
      "0",
      "0",
      "0",
      "reversedirection=yes highway=tertiary surface=gravel",
      "",
      "23247",
      "375077"
     ],
     [
      "45024836",
      "41586416",
      "398",
      "667",
      "1800",
      "0",
      "0",
      "0",
      "0",
      "highway=unclassified surface=unpaved",
      "",
      "23733",
      "384434"
     ],
     [
      "45029178",
      "41586192",
      "388",
      "364",
      "1800",
      "0",
      "0",
      "0",
      "0",
      "highway=unclassified tracktype=grade2",
      "",
      "23977",
      "384434"
     ],
     [
      "45033745",
      "41579411",
      "384",
      "874",
      "1800",
      "0",
      "0",
      "0",
      "0",
      "highway=unclassified surface=unpaved",
      "",
      "24583",
      "388996"
     ],
     [
      "45036788",
      "41569608",
      "372",
      "1185",
      "1260",
      "0",
      "0",
      "0",
      "0",
      "highway=track surface=unpaved",
      "",
      "25408",
      "396747"
     ],
     [
      "45043031",
      "41566889",
      "378",
      "706",
      "1260",
      "0",
      "0",
      "0",
      "0",
      "highway=track",
      "",
      "25907",
      "402658"
     ],
     [
      "45045498",
      "41564689",
      "374",
      "433",
      "1320",
      "0",
      "0",
      "0",
      "0",
      "highway=residential surface=unpaved",
      "",
      "26226",
      "409939"
     ],
     [
      "45045498",
      "41563630",
      "370",
      "118",
      "1260",
      "0",
      "0",
      "0",
      "0",
      "highway=path",
      "",
      "26305",
      "409939"
     ],
     [
      "45045962",
      "41563650",
      "370",
      "39",
      "1320",
      "0",
      "0",
      "0",
      "0",
      "highway=residential surface=unpaved",
      "",
      "26332",
      "409982"
     ],
     [
      "45045788",
      "41561235",
      "361",
      "272",
      "1260",
      "0",
      "0",
      "0",
      "0",
      "highway=path",
      "",
      "26507",
      "409982"
     ],
     [
      "45045886",
      "41561256",
      "361",
      "9",
      "3000",
      "0",
      "0",
      "0",
      "0",
      "highway=tertiary",
      "",
      "26513",
      "409982"
     ],
     [
      "45045933",
      "41561183",
      "360",
      "9",
      "1320",
      "0",
      "0",
      "0",
      "0",
      "highway=residential",
      "",
      "26519",
      "409982"
     ],
     [
      "45046652",
      "41560146",
      "354",
      "134",
      "1260",
      "0",
      "0",
      "0",
      "0",
      "highway=track",
      "",
      "26604",
      "409982"
     ],
     [
      "45047374",
      "41559464",
      "351",
      "101",
      "1800",
      "0",
      "0",
      "0",
      "0",
      "highway=unclassified surface=unpaved",
      "",
      "26668",
      "409982"
     ],
     [
      "45045941",
      "41558259",
      "347",
      "180",
      "1260",
      "0",
      "0",
      "0",
      "0",
      "highway=track",
      "",
      "26784",
      "409982"
     ],
     [
      "45051032",
      "41552759",
      "338",
      "744",
      "1331",
      "0",
      "0",
      "0",
      "0",
      "highway=track surface=fine_gravel tracktype=grade3",
      "",
      "27289",
      "409982"
     ],
     [
      "45048886",
      "41551601",
      "340",
      "220",
      "1260",
      "0",
      "0",
      "0",
      "0",
      "highway=track",
      "",
      "27444",
      "411345"
     ],
     [
      "45057315",
      "41541921",
      "331",
      "1296",
      "1260",
      "0",
      "0",
      "0",
      "0",
      "highway=track surface=unpaved",
      "",
      "28351",
      "417428"
     ],
     [
      "45057616",
      "41542087",
      "332",
      "31",
      "1800",
      "0",
      "0",
      "0",
      "0",
      "reversedirection=yes highway=unclassified",
      "",
      "28373",
      "417608"
     ],
     [
      "45058241",
      "41542212",
      "332",
      "55",
      "1800",
      "0",
      "0",
      "0",
      "0",
      "highway=unclassified",
      "",
      "28413",
      "418193"
     ],
     [
      "45058364",
      "41542198",
      "332",
      "10",
      "1800",
      "0",
      "0",
      "0",
      "0",
      "highway=unclassified junction=roundabout",
      "",
      "28420",
      "418313"
     ],
     [
      "45067552",
      "41533551",
      "327",
      "1252",
      "1800",
      "0",
      "0",
      "0",
      "0",
      "highway=unclassified",
      "",
      "29308",
      "427538"
     ],
     [
      "45070230",
      "41530310",
      "323",
      "437",
      "1260",
      "0",
      "0",
      "0",
      "0",
      "reversedirection=yes highway=track",
      "",
      "29605",
      "428025"
     ],
     [
      "45071300",
      "41527160",
      "320",
      "399",
      "1260",
      "0",
      "0",
      "0",
      "0",
      "highway=track",
      "",
      "29886",
      "430371"
     ]
    ],
    "times": [
     0,
     25.683,
     35.23,
     65.528,
     69.733,
     72.515,
     117.358,
     127.279,
     152.425,
     196.049,
     203.317,
     208.596,
     211.225,
     215.77,
     219.655,
     279.318,
     340.163,
     345.416,
     368.262,
     398.364,
     414.56,
     429.276,
     479.603,
     484.406,
     509.257,
     531.675,
     541.58,
     543.575,
     571.416,
     573.475,
     578.328,
     583.934,
     588.846,
     593.062,
     599.446,
     606.574,
     616.491,
     678.207,
     681.709,
     690.683,
     696.179,
     702.381,
     709.238,
     716.75,
     768.69,
     777.875,
     821.12,
     826.68,
     873.448,
     877.626,
     916.278,
     921.055,
     944.982,
     952.041,
     1003.783,
     1084.015,
     1096.73,
     1105.22,
     1107.345,
     1186.992,
     1196.843,
     1198.956,
     1201.071,
     1210.95,
     1218.659,
     1220.063,
     1239.202,
     1251.273,
     1266.2,
     1276.201,
     1370.635,
     1376.287,
     1427.103,
     1433.426,
     1483.636,
     1515.442,
     1544.335,
     1549.804,
     1553.848,
     1554.518,
     1559.138,
     1566.885,
     1579.565,
     1582.871,
     1589.357,
     1604.794,
     1611.334,
     1615.285,
     1621.247,
     1625.243,
     1631.94,
     1652.266,
     1662.456,
     1680.805,
     1691.697,
     1705.513,
     1718.616,
     1730.479,
     1734.886,
     1738.03,
     1741.194,
     1778.002,
     1805.744,
     1854.168,
     1861.999,
     1867.462,
     1880.488,
     1886.607,
     1894.591,
     1942.972,
     1947.81,
     1953.945,
     1960.854,
     1966.625,
     1969.855,
     1973.129,
     1988.842,
     1997.864,
     2003.527,
     2012.012,
     2014.642,
     2015.972,
     2017.954,
     2021.93,
     2027.259,
     2064.281,
     2066.489,
     2080.015,
     2082.298,
     2116.338,
     2183.296,
     2194.998,
     2220.613,
     2264.41,
     2266.136,
     2267.87,
     2273.167,
     2274.934,
     2283.953,
     2327.872,
     2336.825,
     2340.323,
     2346.275,
     2351.237,
     2352.06,
     2428.124,
     2434.766,
     2439.92,
     2463.322,
     2486.332,
     2573.159,
     2574.623,
     2575.355,
     2578.981,
     2599.758,
     2616.899,
     2619.865,
     2622.105,
     2625.801,
     2629.459,
     2652.977,
     2661.464,
     2676.926,
     2679.039,
     2680.448,
     2683.243,
     2686.041,
     2689.541,
     2696.552,
     2699.385,
     2702.957,
     2752.35,
     2755.184,
     2758.698,
     2774.437,
     2827.958,
     2836.533,
     2875.932,
     2941.958,
     2948.835,
     2983.947,
     2985.286,
     2987.945,
     2988.611,
     2991.864,
     2995.077,
     3035.178,
     3039.663,
     3083.89,
     3092.313,
     3108.418,
     3111.363,
     3112.847,
     3126.922,
     3137.125,
     3140.06,
     3164.7,
     3170.109,
     3176.307,
     3243.149,
     3277.248,
     3293.662,
     3305.686,
     3309.69,
     3356.792,
     3363.719,
     3368.58,
     3373.451,
     3380.483,
     3393.766,
     3409.787,
     3425.644,
     3439.997,
     3448.799,
     3450.839,
     3452.864,
     3542.819,
     3547.341,
     3551.934,
     3569.344,
     3598.271,
     3616.625,
     3626.591,
     3668.222,
     3696.933,
     3700.687,
     3704.49,
     3708.901,
     3712.628,
     3713.871,
     3733.039,
     3736.897,
     3745.913,
     3750.977,
     3758.595,
     3764.949,
     3787.93,
     3790.374,
     3793.402,
     3796.404,
     3798.807,
     3802.433,
     3806.064,
     3807.893,
     3810.934,
     3817.036,
     3821.984,
     3831.882,
     3834.391,
     3840.131,
     3843.989,
     3853.815,
     3857.118,
     3873.942,
     3878.05,
     3896.656,
     3902.843,
     3917.245,
     3920.001,
     3930.289,
     3933.703,
     3953.641,
     3958.485,
     3972.272,
     3997.817,
     4006.862,
     4007.559,
     4010.349,
     4031.195,
     4042.288,
     4057.501,
     4069.924,
     4086.467,
     4102.318,
     4103.01,
     4105.78,
     4116.199,
     4135.345,
     4141.735,
     4146.917,
     4154.165,
     4157.48,
     4168.342,
     4175.921,
     4177.993,
     4181.452,
     4225.71,
     4231.173,
     4233.889,
     4239.245,
     4244.628,
     4258.192,
     4287.455,
     4375.623,
     4395.018,
     4416.367,
     4420.8,
     4423.854,
     4466.366,
     4490.777,
     4499.385,
     4526.352,
     4536.986,
     4547.623,
     4574.22,
     4695.991,
     4720.388,
     4733.269,
     4746.558,
     4761.787,
     4794.633,
     4799.364,
     4810.755,
     4824.507,
     4837.231,
     4849.371,
     4883.636,
     4889.265,
     4897.755,
     4911.215,
     4914.055,
     4954.232,
     4990.454,
     4992.942,
     4993.77,
     4997.922,
     5002.866,
     5051.067,
     5075.686,
     5093.127,
     5108.935,
     5148.538,
     5167.389,
     5179.779,
     5198.217,
     5233.529,
     5297.246,
     5343.651,
     5359.273,
     5373.904,
     5383.173,
     5395.501,
     5401.415,
     5405.967,
     5411.863,
     5429.126,
     5434.335,
     5438.885,
     5449.224,
     5457.601,
     5465.493,
     5490.755,
     5496.832,
     5527.437,
     5542.751,
     5566.526,
     5606.118,
     5628.588,
     5655.995,
     5662.111,
     5696.154,
     5698.478,
     5700.817,
     5705.477,
     5727.371,
     5754.481,
     5824.988,
     5898.997,
     5901.197,
     5907.057,
     5912.956,
     5915.899,
     6005.544,
     6102.706,
     6107.102,
     6120.255,
     6129.725,
     6147.876,
     6240.611,
     6248.916,
     6257.251,
     6267.171,
     6326.461,
     6455.27,
     6460.773,
     6470.05,
     6529.186,
     6531.994,
     6544.352,
     6546.402,
     6612.309,
     6628.313,
     6662.683,
     6666.236,
     6669.079,
     6674.265,
     6677.554,
     6680.218,
     6683.586,
     6689.042,
     6694.61,
     6698.096,
     6700.912,
     6708.794,
     6755.817,
     6814.814,
     6859.364,
     6903.144,
     6920.251,
     6923.951,
     6956.042,
     7001.909,
     7036.577,
     7068.095,
     7075.453,
     7159.685,
     7202.533,
     7213.77,
     7219.033,
     7223.491,
     7279.008,
     7282.542,
     7287.451,
     7319.643,
     7325.181,
     7373.216,
     7411.302,
     7464.375,
     7468.919,
     7483.327,
     7526.055,
     7532.02,
     7536.481,
     7540.933,
     7578.9,
     7590.323,
     7596.696,
     7653.256,
     7713.119,
     7720.754,
     7754.549,
     7759.38,
     7764.868,
     7806.249,
     7808.292,
     7846.791,
     7901.677,
     7905.159,
     7910.041,
     7922.53,
     7926.671,
     7932.9,
     7938.451,
     7941.255,
     7942.658,
     7963.918,
     8010.129,
     8080.647,
     8109.556,
     8139.43,
     8264.847,
     8279.826,
     8317.238,
     8323.066,
     8345.918,
     8387.128,
     8420.481,
     8428.362,
     8433.377,
     8478.604,
     8537.972,
     8540.708,
     8577.143,
     8600.776,
     8615.093,
     8624.396,
     8650.869,
     8700.161,
     8743.499,
     8751.079,
     8787.214,
     8800.15,
     8817.618,
     8829.178,
     8834.649,
     8871.505,
     8882.489,
     8905.691,
     8925.186,
     8941.608,
     8949.812,
     8957.921,
     8987.089,
     9049.895,
     9085.363,
     9100.518,
     9118.149,
     9152.219,
     9174.302,
     9206.126,
     9250.178,
     9286.47,
     9368.392,
     9377.668,
     9447.189,
     9517.735,
     9521.969,
     9524.817,
     9533.507,
     9537.884,
     9547.506,
     9627.233,
     9628.696,
     9675.637,
     9683.554,
     9748.806,
     9786.812,
     9803.657,
     9822.265,
     9837.055,
     9854.177,
     9856.243,
     9863.09,
     9888.774,
     9906.213,
     9948.587,
     9965.928,
     9973.896,
     9994.323,
     10045.531,
     10057.535,
     10068.06,
     10070.048,
     10096.719,
     10102.402,
     10137.469,
     10188.168,
     10202.808,
     10240.349,
     10277.415,
     10323.94,
     10464.351,
     10480.062,
     10501.255,
     10518.374,
     10530.293,
     10533.261,
     10536.225,
     10537.705,
     10545.896,
     10566.44,
     10590.667,
     10629.219,
     10650.746,
     10653.614,
     10664.281,
     10693.551,
     10706.775,
     10712.315,
     10740.708,
     10746.559,
     10750.977,
     10756.165,
     10760.603,
     10764.293,
     10768.01,
     10782.809,
     10809.616,
     10862.603,
     10871.423,
     10875.059,
     10877.257,
     10923.962,
     10928.303,
     10931.195,
     10935.568,
     10939.178,
     10942.785,
     10951.508,
     10960.214,
     10975.416,
     11103.902,
     11157.089,
     11161.355,
     11164.912,
     11167.758,
     11170.604,
     11183.316,
     11196.549,
     11217.089,
     11223.99,
     11244.59,
     11255.345,
     11261.796,
     11266.096,
     11282.105,
     11290.222,
     11307.645,
     11309.149,
     11311.403,
     11346.087,
     11353.651,
     11358.248,
     11362.865,
     11370.581,
     11374.417,
     11427,
     11430.695,
     11434.416,
     11469.569,
     11555.045,
     11560.174,
     11571.047,
     11584.789,
     11592.667,
     11604.122,
     11613.428,
     11619.153,
     11627.025,
     11632.522,
     11636.427,
     11639.512,
     11644.889,
     11649.477,
     11657.147,
     11659.438,
     11664.046,
     11668.634,
     11672.477,
     11682.569,
     11694.09,
     11707.113,
     11767.227,
     11830.048,
     11843.618,
     11847.94,
     11868.241,
     11882.085,
     11910.675,
     11923.54,
     11927.113,
     11930.718,
     11933.601,
     11943.848,
     11951.208,
     11971.758,
     11996.105,
     12074.743,
     12144.768,
     12200.781,
     12262.72,
     12332.087,
     12408.993,
     12415.27,
     12453.542,
     12455.617,
     12462.49,
     12468.697,
     12477.003,
     12508.615,
     12517.788,
     12520.613,
     12543.796,
     12578.657,
     12607.685,
     12727.146,
     12735.706,
     12787.425,
     12801.047,
     12870.495,
     12972.333,
     13016.197,
     13048.815,
     13064.469,
     13117.072,
     13154.042,
     13173.006,
     13183.661,
     13219.279,
     13228.89,
     13259.923,
     13300.096,
     13309.412,
     13325.337,
     13335.667,
     13347.664,
     13574.905,
     13592.74,
     13611.334,
     13630.789,
     13646.5,
     13657.93,
     13671.196,
     13684.989,
     13699.207,
     13713.438,
     13726.97,
     13748.451,
     13767.702,
     13783.079,
     13800.195,
     13811.428,
     13824.488,
     13836.746,
     13849.584,
     13864.723,
     13882.76,
     13907.747,
     13924.533,
     13946.493,
     13961.518,
     13970.316,
     13980.977,
     13993.498,
     14015.342,
     14046.178,
     14067.335,
     14090.609,
     14105.532,
     14114.396,
     14128.22,
     14141.344,
     14149.926,
     14177.028,
     14213.714,
     14276.777,
     14283.135,
     14290.296,
     14296.257,
     14302.981,
     14329.053,
     14333.203,
     14337.397,
     14342.256,
     14348.517,
     14354.792,
     14365.452,
     14388.183,
     14400.68,
     14406.641,
     14413.437,
     14422.674,
     14430.376,
     14440.393,
     14444.759,
     14463.621,
     14469.708,
     14475.817,
     14485.075,
     14494.329,
     14503.656,
     14510.651,
     14517.597,
     14525.196,
     14533.505,
     14560.038,
     14567.591,
     14574.469,
     14580.652,
     14589.307,
     14600.56,
     14619.856,
     14626.581,
     14642.527,
     14660.718,
     14667.946,
     14674.271,
     14684.425,
     14692.808,
     14702.717,
     14760.507,
     14788.562,
     14814.795,
     14837.889,
     14872.561,
     14902.35,
     14926.277,
     14934.12,
     14967.018,
     15002.803,
     15038.739,
     15066.644,
     15074.457,
     15101.482,
     15123.121,
     15137.28,
     15162.553,
     15188.284,
     15202.574,
     15221.782,
     15263.164,
     15283.393,
     15313.787,
     15358.588,
     15387.084,
     15407.528,
     15429.408,
     15448.203,
     15473.168,
     15504.722,
     15517.528,
     15535.411,
     15572.929,
     15596.408,
     15629.838,
     15693.997,
     15799.971,
     15852.666,
     15876.344,
     15897.008,
     15929.296,
     15955.344,
     16024.938,
     16054.896,
     16070.064,
     16087.538,
     16097.827,
     16107.632,
     16188.885,
     16229.104,
     16253.951,
     16291.123,
     16295.809,
     16313.114,
     16322.402,
     16357.659,
     16363.438,
     16377.336,
     16392.232,
     16402.277,
     16418.918,
     16432.49,
     16457.312,
     16473.828,
     16488.42,
     16534.471,
     16589.902,
     16673.404,
     16684.496,
     16691.182,
     16704.812,
     16740.82,
     16758.15,
     16777.336,
     16804.654,
     16828.885,
     16870.736,
     16895.199,
     16916.721,
     16927.42,
     16939.533,
     16949.793,
     16958.418,
     16967.072,
     16977.025,
     16996.098,
     17005.436,
     17016.828,
     17024.6,
     17028.842,
     17043.002,
     17050.033,
     17054.258,
     17059.896,
     17069.146,
     17078.633,
     17085.975,
     17124.217,
     17206.547,
     17212.719,
     17229.709,
     17240.686,
     17244.82,
     17358.693,
     17410.445,
     17452.732,
     17460.994,
     17480.402,
     17493.059,
     17512.662,
     17523.734,
     17538.189,
     17566.801,
     17578.047,
     17595.832,
     17607.367,
     17615.75,
     17623.322,
     17712.334,
     17782.848,
     17809.381,
     17904.021,
     17924.301,
     17961.748,
     17989.9,
     18002.965,
     18013.738,
     18038.852,
     18069.971,
     18090.691,
     18117.082,
     18120.73,
     18194.867,
     18230.227,
     18249.096,
     18270.02,
     18303.76,
     18340.205,
     18377.975,
     18404.658,
     18414.053,
     18430.301,
     18466.156,
     18488.246,
     18501.414,
     18508.09,
     18513.311,
     18535.699,
     18563.104,
     18574.434,
     18598.027,
     18609.715,
     18643.527,
     18663.543,
     18683.766,
     18691.945,
     18724.83,
     18758.482,
     18767.508,
     18792.291,
     18827.986,
     18839.312,
     18852.016,
     18880.514,
     18889.441,
     18896.949,
     18903.705,
     18910.916,
     18920.248,
     18955.402,
     18963.539,
     18978.727,
     18993.508,
     19028.279,
     19041.08,
     19047.102,
     19061.518,
     19069.48,
     19073.795,
     19083.26,
     19097.219,
     19101.312,
     19108.848,
     19120.652,
     19178,
     19196.713,
     19203.754,
     19213.914,
     19225.596,
     19254.34,
     19272.189,
     19281.945,
     19294.922,
     19308.002,
     19335.799,
     19361.611,
     19484.748,
     19501.084,
     19530.914,
     19546.502,
     19560.34,
     19570.289,
     19579.096,
     19596.781,
     19612.957,
     19632.559,
     19797.49,
     19820.768,
     19844.131,
     19848.654,
     19855.17,
     20008.26,
     20021.113,
     20077.779,
     20083.705,
     20101.328,
     20112.281,
     20119.467,
     20127.336,
     20137.461,
     20153.729,
     20299.551,
     20331.609,
     20348.998,
     20406.01,
     20448.473,
     20507.186,
     20521.809,
     20530.338,
     20544.793,
     20598.266,
     20613.375,
     20628.215,
     20655.547,
     20681.047,
     20701.072,
     20752.105,
     20777.441,
     20792.396,
     20808.197,
     20818.875,
     20825.996,
     20836.947,
     20849.52,
     20894.293,
     20929.258,
     20960.643,
     20973.857,
     20999.414,
     21050.893,
     21075.186,
     21115.066,
     21149.328,
     21189.807,
     21243.211,
     21277.438,
     21299.914,
     21307.182,
     21322.723,
     21333.168,
     21337.975,
     21344.807,
     21357.969,
     21369.383,
     21392.412,
     21416.838,
     21433.631,
     21449.072,
     21454.334,
     21470.004,
     21488.385,
     21527.918,
     21583.014,
     21613.836,
     21637.457,
     21646.395,
     21663.848,
     21686.863,
     21711.201,
     21736.586,
     21763.264,
     21792.508,
     21881.201,
     21895.152,
     21906.885,
     21922.594,
     21963.104,
     21983.846,
     22014.273,
     22048.109,
     22082.342,
     22105.697,
     22123.953,
     22155.631,
     22187.986,
     22206.188,
     22237.322,
     22248.102,
     22261.91,
     22282.201,
     22302.377,
     22318.529,
     22331.152,
     22356.75,
     22409.508,
     22436.035,
     22445.605,
     22486.117,
     22508.195,
     22526.729,
     22540.992,
     22549.553,
     22564.658,
     22592.551,
     22605.996,
     22620.309,
     22633.107,
     22670.754,
     22679.721,
     22872.52,
     22885.32,
     22897.322,
     22929.451,
     22947.74,
     22993.18,
     23035.141,
     23041.387,
     23049.949,
     23055.756,
     23063.064,
     23073.355,
     23139.939,
     23247.197,
     23357.074,
     23565.131,
     23663.67,
     23674.203,
     23684.764,
     23693.934,
     23700.238,
     23708.592,
     23716.207,
     23733.605,
     23760.164,
     23846.484,
     23904.998,
     23977.844,
     23988.535,
     24001.627,
     24020.904,
     24045.051,
     24058.535,
     24084.846,
     24118.213,
     24145.98,
     24159.861,
     24162.646,
     24170.951,
     24180.057,
     24198.434,
     24226.213,
     24232.334,
     24249.6,
     24306.625,
     24360.047,
     24386.268,
     24394.078,
     24401.123,
     24407.42,
     24487.621,
     24558.604,
     24583.475,
     24688.719,
     24819.342,
     24841.428,
     24856.99,
     24873.16,
     24881.947,
     24891.373,
     24903.555,
     24931.322,
     24954.002,
     24973.307,
     24990.102,
     25004.957,
     25017.82,
     25031.953,
     25048.049,
     25075.342,
     25086.475,
     25099.031,
     25113.199,
     25147.008,
     25220.607,
     25303.064,
     25344.91,
     25361.357,
     25389.93,
     25398.512,
     25403.703,
     25408.682,
     25433.562,
     25454.338,
     25472.896,
     25501.6,
     25519.77,
     25547.789,
     25559.447,
     25583.471,
     25592.135,
     25602.061,
     25614.484,
     25623.539,
     25633.137,
     25639.512,
     25646.547,
     25766.816,
     25796.504,
     25814.309,
     25842.09,
     25863.805,
     25880.758,
     25907.074,
     25913.43,
     25958.586,
     25979.109,
     25989.357,
     26006.297,
     26029.971,
     26041.531,
     26059.699,
     26070.656,
     26083.865,
     26102.848,
     26112.947,
     26123.893,
     26191.461,
     26201.113,
     26207.922,
     26226.031,
     26305.604,
     26332.588,
     26458.811,
     26485.861,
     26507.689,
     26513.732,
     26519.758,
     26529.791,
     26562.24,
     26585.979,
     26604.947,
     26618.689,
     26629.393,
     26660.684,
     26668.471,
     26699.744,
     26704.236,
     26716.939,
     26772.488,
     26784.701,
     27289.42,
     27373.598,
     27444.754,
     28024.234,
     28056.686,
     28087.051,
     28281.441,
     28291.295,
     28307.297,
     28326.119,
     28351.916,
     28373.77,
     28389.451,
     28396.643,
     28404.613,
     28413.295,
     28420.521,
     28443.945,
     28456.424,
     28467.48,
     28474.146,
     28913.838,
     29110.607,
     29299.602,
     29303.879,
     29308.428,
     29327.418,
     29343.09,
     29358.82,
     29375.389,
     29416.6,
     29473.955,
     29572,
     29585.42,
     29605.551,
     29638.076,
     29654.518,
     29720.488,
     29737.42,
     29793.4,
     29809.164,
     29842.582,
     29857.186,
     29878.236,
     29886.4
    ]
   },
   "geometry": {
    "type": "LineString",
    "coordinates": [
     [
      44.759939,
      41.729889,
      477.5
     ],
     [
      44.760352,
      41.729762,
      476.5
     ],
     [
      44.760508,
      41.729712,
      475.75
     ],
     [
      44.760988,
      41.729559,
      473.5
     ],
     [
      44.761054,
      41.729538,
      473.25
     ],
     [
      44.761094,
      41.729525,
      473
     ],
     [
      44.761854,
      41.729277,
      470
     ],
     [
      44.76202,
      41.729227,
      469.5
     ],
     [
      44.762489,
      41.729278,
      468
     ],
     [
      44.763287,
      41.729351,
      466.75
     ],
     [
      44.763297,
      41.729251,
      466.25
     ],
     [
      44.763308,
      41.729177,
      466
     ],
     [
      44.763344,
      41.729152,
      465.75
     ],
     [
      44.763432,
      41.729161,
      465.25
     ],
     [
      44.763499,
      41.729168,
      465
     ],
     [
      44.763651,
      41.72833,
      462.5
     ],
     [
      44.7638,
      41.727448,
      457.75
     ],
     [
      44.763897,
      41.727447,
      457.75
     ],
     [
      44.764307,
      41.727486,
      458
     ],
     [
      44.764825,
      41.727536,
      458.75
     ],
     [
      44.765099,
      41.727574,
      458.75
     ],
     [
      44.765342,
      41.72762,
      458.5
     ],
     [
      44.766228,
      41.727695,
      457
     ],
     [
      44.766314,
      41.72769,
      456.75
     ],
     [
      44.766759,
      41.727734,
      455.75
     ],
     [
      44.767166,
      41.72777,
      454.5
     ],
     [
      44.767349,
      41.727785,
      454
     ],
     [
      44.767353,
      41.727762,
      454
     ],
     [
      44.767841,
      41.72781,
      454.25
     ],
     [
      44.767853,
      41.727789,
      454.25
     ],
     [
      44.767921,
      41.727753,
      454.5
     ],
     [
      44.767997,
      41.727713,
      454.75
     ],
     [
      44.767993,
      41.727649,
      454.75
     ],
     [
      44.767992,
      41.727598,
      454.75
     ],
     [
      44.768025,
      41.727524,
      455
     ],
     [
      44.768073,
      41.727427,
      455.25
     ],
     [
      44.768184,
      41.727319,
      455.5
     ],
     [
      44.768824,
      41.726693,
      453.75
     ],
     [
      44.768841,
      41.726647,
      453.5
     ],
     [
      44.76896,
      41.726574,
      453
     ],
     [
      44.769031,
      41.726523,
      452.75
     ],
     [
      44.769014,
      41.726445,
      452.75
     ],
     [
      44.768995,
      41.726359,
      452.5
     ],
     [
      44.76912,
      41.72632,
      452.25
     ],
     [
      44.769683,
      41.725808,
      452.75
     ],
     [
      44.769776,
      41.725712,
      452.75
     ],
     [
      44.770254,
      41.725274,
      451.5
     ],
     [
      44.770289,
      41.725208,
      451.5
     ],
     [
      44.770796,
      41.724724,
      450.75
     ],
     [
      44.77084,
      41.724679,
      450.75
     ],
     [
      44.771224,
      41.724249,
      449.5
     ],
     [
      44.771191,
      41.724194,
      449.25
     ],
     [
      44.771559,
      41.724058,
      450
     ],
     [
      44.771652,
      41.723998,
      450
     ],
     [
      44.772183,
      41.723477,
      450
     ],
     [
      44.773029,
      41.722662,
      449
     ],
     [
      44.773159,
      41.72253,
      449
     ],
     [
      44.773242,
      41.722445,
      449
     ],
     [
      44.773281,
      41.722436,
      449
     ],
     [
      44.774157,
      41.72163,
      447.75
     ],
     [
      44.774284,
      41.721542,
      447.75
     ],
     [
      44.774289,
      41.721513,
      447.75
     ],
     [
      44.774294,
      41.721487,
      447.75
     ],
     [
      44.7744,
      41.721389,
      447.75
     ],
     [
      44.774487,
      41.721318,
      447.5
     ],
     [
      44.774503,
      41.721306,
      447.5
     ],
     [
      44.774707,
      41.721112,
      447.75
     ],
     [
      44.774835,
      41.72099,
      447.75
     ],
     [
      44.774997,
      41.720842,
      447.75
     ],
     [
      44.775114,
      41.720738,
      448.75
     ],
     [
      44.776143,
      41.719821,
      450.25
     ],
     [
      44.776204,
      41.719762,
      450
     ],
     [
      44.776769,
      41.71926,
      449.25
     ],
     [
      44.77684,
      41.719194,
      449.25
     ],
     [
      44.777266,
      41.718669,
      451
     ],
     [
      44.777479,
      41.718311,
      453.75
     ],
     [
      44.777713,
      41.717981,
      450
     ],
     [
      44.777779,
      41.717923,
      449
     ],
     [
      44.777833,
      41.717881,
      448.5
     ],
     [
      44.777842,
      41.717873,
      448.25
     ],
     [
      44.777893,
      41.717826,
      447.75
     ],
     [
      44.777982,
      41.717748,
      446.5
     ],
     [
      44.778141,
      41.717621,
      444.75
     ],
     [
      44.778178,
      41.71759,
      444.25
     ],
     [
      44.778261,
      41.717527,
      443.5
     ],
     [
      44.778473,
      41.717387,
      442.75
     ],
     [
      44.778549,
      41.717319,
      442.75
     ],
     [
      44.778583,
      41.717276,
      442.75
     ],
     [
      44.778616,
      41.717195,
      442.75
     ],
     [
      44.778624,
      41.717139,
      442.75
     ],
     [
      44.778614,
      41.717045,
      442.75
     ],
     [
      44.778515,
      41.716781,
      442.75
     ],
     [
      44.778488,
      41.716648,
      442.5
     ],
     [
      44.778424,
      41.716403,
      441
     ],
     [
      44.778413,
      41.716248,
      439.75
     ],
     [
      44.77847,
      41.716059,
      438.5
     ],
     [
      44.778546,
      41.715881,
      437.5
     ],
     [
      44.778628,
      41.715724,
      436.75
     ],
     [
      44.77867,
      41.715665,
      436.5
     ],
     [
      44.778697,
      41.715621,
      436.25
     ],
     [
      44.778727,
      41.71558,
      436.25
     ],
     [
      44.779063,
      41.715089,
      432.75
     ],
     [
      44.779327,
      41.714738,
      431.25
     ],
     [
      44.779767,
      41.714126,
      425.5
     ],
     [
      44.779849,
      41.714025,
      424.5
     ],
     [
      44.779911,
      41.713963,
      423.5
     ],
     [
      44.780096,
      41.713832,
      422
     ],
     [
      44.780185,
      41.713773,
      421.5
     ],
     [
      44.780315,
      41.71371,
      420.75
     ],
     [
      44.78112,
      41.713389,
      416.5
     ],
     [
      44.781203,
      41.71335,
      416
     ],
     [
      44.781287,
      41.713291,
      416
     ],
     [
      44.781371,
      41.713218,
      416.25
     ],
     [
      44.781455,
      41.713161,
      416.5
     ],
     [
      44.781478,
      41.71312,
      416.5
     ],
     [
      44.781522,
      41.713094,
      416.75
     ],
     [
      44.781679,
      41.712924,
      417.75
     ],
     [
      44.781774,
      41.712832,
      418
     ],
     [
      44.781802,
      41.712763,
      418.5
     ],
     [
      44.781849,
      41.712648,
      419
     ],
     [
      44.781864,
      41.71261,
      419
     ],
     [
      44.781872,
      41.712592,
      419.25
     ],
     [
      44.781901,
      41.712603,
      419
     ],
     [
      44.781968,
      41.712599,
      419
     ],
     [
      44.782061,
      41.71258,
      419
     ],
     [
      44.782625,
      41.712406,
      421.5
     ],
     [
      44.782656,
      41.712389,
      422
     ],
     [
      44.78278,
      41.712251,
      425.75
     ],
     [
      44.78278,
      41.712228,
      426.25
     ],
     [
      44.783068,
      41.711966,
      432.25
     ],
     [
      44.783666,
      41.711404,
      433.5
     ],
     [
      44.783774,
      41.711293,
      433.25
     ],
     [
      44.783884,
      41.711031,
      435.75
     ],
     [
      44.784046,
      41.710613,
      441
     ],
     [
      44.784052,
      41.710599,
      441
     ],
     [
      44.784057,
      41.710585,
      441.25
     ],
     [
      44.784052,
      41.71053,
      442
     ],
     [
      44.784049,
      41.710514,
      442.25
     ],
     [
      44.784037,
      41.710427,
      443.25
     ],
     [
      44.784231,
      41.710035,
      447.25
     ],
     [
      44.7843,
      41.709966,
      447.5
     ],
     [
      44.784338,
      41.709984,
      447.25
     ],
     [
      44.784411,
      41.710019,
      446.75
     ],
     [
      44.784471,
      41.710048,
      446.25
     ],
     [
      44.78448,
      41.710053,
      446.25
     ],
     [
      44.785073,
      41.709281,
      445.5
     ],
     [
      44.785171,
      41.709254,
      445.25
     ],
     [
      44.785252,
      41.709242,
      445.25
     ],
     [
      44.785309,
      41.708966,
      446.25
     ],
     [
      44.785492,
      41.708738,
      447.25
     ],
     [
      44.786192,
      41.707832,
      447.75
     ],
     [
      44.786204,
      41.707817,
      447.75
     ],
     [
      44.786212,
      41.707808,
      447.75
     ],
     [
      44.786241,
      41.707772,
      447.5
     ],
     [
      44.786403,
      41.707566,
      446.5
     ],
     [
      44.786548,
      41.707388,
      446
     ],
     [
      44.786584,
      41.707365,
      446
     ],
     [
      44.786556,
      41.70735,
      446.25
     ],
     [
      44.786603,
      41.70732,
      446
     ],
     [
      44.786657,
      41.707293,
      445.75
     ],
     [
      44.787007,
      41.707152,
      445
     ],
     [
      44.78714,
      41.707105,
      444.75
     ],
     [
      44.787374,
      41.70701,
      444.5
     ],
     [
      44.787408,
      41.707002,
      444.5
     ],
     [
      44.78743,
      41.707004,
      444.5
     ],
     [
      44.78747,
      41.707029,
      444.25
     ],
     [
      44.787517,
      41.707027,
      444.25
     ],
     [
      44.787578,
      41.707028,
      444.25
     ],
     [
      44.787693,
      41.70704,
      444.25
     ],
     [
      44.787715,
      41.707005,
      444.5
     ],
     [
      44.787737,
      41.706963,
      444.75
     ],
     [
      44.788552,
      41.707134,
      444.25
     ],
     [
      44.788594,
      41.707142,
      444.25
     ],
     [
      44.788648,
      41.707156,
      444
     ],
     [
      44.788802,
      41.706996,
      444.5
     ],
     [
      44.789322,
      41.706468,
      445.5
     ],
     [
      44.789408,
      41.706379,
      445
     ],
     [
      44.789801,
      41.705962,
      443.75
     ],
     [
      44.79047,
      41.705257,
      439.75
     ],
     [
      44.790538,
      41.705188,
      439.25
     ],
     [
      44.790915,
      41.704799,
      437.5
     ],
     [
      44.790935,
      41.704797,
      437.25
     ],
     [
      44.790972,
      41.704818,
      437
     ],
     [
      44.790972,
      41.70483,
      437
     ],
     [
      44.791037,
      41.70483,
      436.25
     ],
     [
      44.791093,
      41.704829,
      435.75
     ],
     [
      44.791613,
      41.704387,
      433
     ],
     [
      44.791666,
      41.704338,
      432.75
     ],
     [
      44.7922,
      41.703895,
      436.25
     ],
     [
      44.792301,
      41.703814,
      437
     ],
     [
      44.792479,
      41.703662,
      438.25
     ],
     [
      44.792511,
      41.703638,
      438.5
     ],
     [
      44.792524,
      41.703628,
      438.75
     ],
     [
      44.792664,
      41.703507,
      440.5
     ],
     [
      44.792779,
      41.703409,
      441.75
     ],
     [
      44.792826,
      41.703397,
      442
     ],
     [
      44.793039,
      41.703159,
      443.75
     ],
     [
      44.793089,
      41.703112,
      444.25
     ],
     [
      44.793151,
      41.703054,
      444.5
     ],
     [
      44.793869,
      41.702428,
      443
     ],
     [
      44.79425,
      41.702118,
      440.25
     ],
     [
      44.794448,
      41.701958,
      438.5
     ],
     [
      44.794597,
      41.701837,
      437.5
     ],
     [
      44.794643,
      41.7018,
      437.25
     ],
     [
      44.795215,
      41.701337,
      436.75
     ],
     [
      44.795297,
      41.701272,
      437
     ],
     [
      44.795357,
      41.701224,
      437
     ],
     [
      44.795419,
      41.701177,
      437
     ],
     [
      44.795499,
      41.701113,
      437.25
     ],
     [
      44.795659,
      41.700986,
      437
     ],
     [
      44.795845,
      41.700833,
      436.75
     ],
     [
      44.796029,
      41.700674,
      436.25
     ],
     [
      44.796201,
      41.70053,
      435.75
     ],
     [
      44.796306,
      41.700444,
      435.25
     ],
     [
      44.796329,
      41.700426,
      435.25
     ],
     [
      44.79635,
      41.700409,
      435
     ],
     [
      44.797375,
      41.699552,
      432.75
     ],
     [
      44.797433,
      41.699504,
      433
     ],
     [
      44.797491,
      41.699456,
      433.25
     ],
     [
      44.797704,
      41.699283,
      433.5
     ],
     [
      44.798051,
      41.698994,
      433
     ],
     [
      44.798217,
      41.69878,
      432.75
     ],
     [
      44.798379,
      41.69884,
      431.75
     ],
     [
      44.799039,
      41.699198,
      423
     ],
     [
      44.799471,
      41.699432,
      417.75
     ],
     [
      44.799536,
      41.699462,
      417.25
     ],
     [
      44.799601,
      41.699494,
      416.5
     ],
     [
      44.799655,
      41.699443,
      416.25
     ],
     [
      44.7997,
      41.6994,
      416.25
     ],
     [
      44.799721,
      41.69941,
      416
     ],
     [
      44.800013,
      41.69956,
      413
     ],
     [
      44.800068,
      41.699588,
      412.5
     ],
     [
      44.800221,
      41.699538,
      411.75
     ],
     [
      44.800318,
      41.699517,
      411.5
     ],
     [
      44.800454,
      41.699488,
      410.75
     ],
     [
      44.800566,
      41.699464,
      410
     ],
     [
      44.800998,
      41.699443,
      408.25
     ],
     [
      44.800998,
      41.699406,
      408.25
     ],
     [
      44.801016,
      41.699363,
      408.25
     ],
     [
      44.801053,
      41.69933,
      408.25
     ],
     [
      44.801093,
      41.699312,
      408
     ],
     [
      44.801162,
      41.699304,
      408
     ],
     [
      44.801227,
      41.69932,
      407.75
     ],
     [
      44.80126,
      41.699338,
      407.75
     ],
     [
      44.801289,
      41.699375,
      407.5
     ],
     [
      44.801388,
      41.699328,
      407.25
     ],
     [
      44.801487,
      41.699317,
      407.25
     ],
     [
      44.801684,
      41.699315,
      406.75
     ],
     [
      44.801731,
      41.699314,
      406.75
     ],
     [
      44.801832,
      41.6993,
      407
     ],
     [
      44.801897,
      41.699275,
      407
     ],
     [
      44.802042,
      41.699353,
      407.25
     ],
     [
      44.802074,
      41.69932,
      407.25
     ],
     [
      44.802253,
      41.699138,
      407.5
     ],
     [
      44.802246,
      41.699086,
      407.75
     ],
     [
      44.80253,
      41.698968,
      407.75
     ],
     [
      44.802622,
      41.699018,
      407.5
     ],
     [
      44.802762,
      41.698864,
      407.25
     ],
     [
      44.802807,
      41.698873,
      407.25
     ],
     [
      44.802962,
      41.698948,
      407
     ],
     [
      44.802998,
      41.698912,
      406.75
     ],
     [
      44.803203,
      41.698699,
      406.75
     ],
     [
      44.803248,
      41.698647,
      406.75
     ],
     [
      44.803388,
      41.698497,
      406.5
     ],
     [
      44.803645,
      41.698224,
      406.25
     ],
     [
      44.80372,
      41.698125,
      406.25
     ],
     [
      44.803725,
      41.698118,
      406.25
     ],
     [
      44.803749,
      41.698092,
      406.25
     ],
     [
      44.804073,
      41.697983,
      406
     ],
     [
      44.804251,
      41.69794,
      405.75
     ],
     [
      44.8045,
      41.697885,
      405.5
     ],
     [
      44.804688,
      41.697813,
      405.25
     ],
     [
      44.80494,
      41.697714,
      405
     ],
     [
      44.805168,
      41.697602,
      404.75
     ],
     [
      44.805173,
      41.697599,
      404.75
     ],
     [
      44.805218,
      41.697577,
      404.75
     ],
     [
      44.805371,
      41.697501,
      404.75
     ],
     [
      44.805646,
      41.697365,
      405.25
     ],
     [
      44.805723,
      41.697309,
      405.25
     ],
     [
      44.80579,
      41.697261,
      405.5
     ],
     [
      44.805818,
      41.697162,
      405.75
     ],
     [
      44.805829,
      41.697121,
      405.75
     ],
     [
      44.805853,
      41.696977,
      406.25
     ],
     [
      44.805875,
      41.696875,
      406.5
     ],
     [
      44.805881,
      41.696848,
      406.5
     ],
     [
      44.805937,
      41.696853,
      406.5
     ],
     [
      44.806691,
      41.696925,
      406.75
     ],
     [
      44.806784,
      41.696943,
      405.75
     ],
     [
      44.806822,
      41.696966,
      405.5
     ],
     [
      44.806894,
      41.696916,
      404.75
     ],
     [
      44.806923,
      41.696844,
      404
     ],
     [
      44.806957,
      41.696666,
      402.25
     ],
     [
      44.807491,
      41.69669,
      398.25
     ],
     [
      44.809076,
      41.69685,
      403.75
     ],
     [
      44.80941,
      41.696898,
      405
     ],
     [
      44.809482,
      41.696643,
      406.25
     ],
     [
      44.809498,
      41.696589,
      406.25
     ],
     [
      44.809541,
      41.696596,
      407.25
     ],
     [
      44.809696,
      41.696093,
      407
     ],
     [
      44.809807,
      41.695802,
      406.25
     ],
     [
      44.809878,
      41.695703,
      406.25
     ],
     [
      44.810152,
      41.695452,
      407.75
     ],
     [
      44.810249,
      41.695353,
      408.5
     ],
     [
      44.81033,
      41.695245,
      408.75
     ],
     [
      44.810489,
      41.694943,
      408.25
     ],
     [
      44.811135,
      41.693605,
      411.75
     ],
     [
      44.811284,
      41.693331,
      412
     ],
     [
      44.811386,
      41.693203,
      413
     ],
     [
      44.811507,
      41.693077,
      414.25
     ],
     [
      44.811657,
      41.692946,
      415.5
     ],
     [
      44.811963,
      41.692652,
      416.5
     ],
     [
      44.812008,
      41.692614,
      416.75
     ],
     [
      44.812136,
      41.692533,
      418
     ],
     [
      44.81229,
      41.692451,
      420.25
     ],
     [
      44.812437,
      41.692396,
      422.75
     ],
     [
      44.812591,
      41.69236,
      424.5
     ],
     [
      44.812993,
      41.692259,
      428
     ],
     [
      44.813044,
      41.692222,
      428.5
     ],
     [
      44.813119,
      41.692159,
      429.25
     ],
     [
      44.813285,
      41.692174,
      430.75
     ],
     [
      44.813318,
      41.692176,
      431
     ],
     [
      44.813823,
      41.692068,
      431.75
     ],
     [
      44.814299,
      41.691939,
      432.75
     ],
     [
      44.814336,
      41.691946,
      432.75
     ],
     [
      44.814352,
      41.691941,
      432.75
     ],
     [
      44.814408,
      41.691925,
      433
     ],
     [
      44.81448,
      41.691907,
      433
     ],
     [
      44.815118,
      41.691662,
      433.5
     ],
     [
      44.815461,
      41.691505,
      432.5
     ],
     [
      44.815713,
      41.691399,
      432
     ],
     [
      44.815941,
      41.691297,
      431.75
     ],
     [
      44.816484,
      41.691053,
      430.25
     ],
     [
      44.816747,
      41.69093,
      429.75
     ],
     [
      44.816914,
      41.690849,
      430
     ],
     [
      44.817172,
      41.690734,
      430.5
     ],
     [
      44.81766,
      41.690498,
      430.75
     ],
     [
      44.818592,
      41.690033,
      428.25
     ],
     [
      44.81927,
      41.68971,
      424.75
     ],
     [
      44.819506,
      41.689597,
      423.75
     ],
     [
      44.819728,
      41.689491,
      422.75
     ],
     [
      44.819865,
      41.689426,
      422.25
     ],
     [
      44.820017,
      41.689293,
      421.25
     ],
     [
      44.820091,
      41.689228,
      421.25
     ],
     [
      44.820107,
      41.68917,
      420.75
     ],
     [
      44.820197,
      41.689128,
      420.75
     ],
     [
      44.820447,
      41.68898,
      419.5
     ],
     [
      44.820532,
      41.688942,
      419.5
     ],
     [
      44.820606,
      41.688907,
      419.25
     ],
     [
      44.820764,
      41.688833,
      418.75
     ],
     [
      44.820892,
      41.688766,
      418.25
     ],
     [
      44.821011,
      41.688711,
      418.5
     ],
     [
      44.821394,
      41.688521,
      418.25
     ],
     [
      44.821485,
      41.688485,
      418.25
     ],
     [
      44.821919,
      41.688229,
      420.25
     ],
     [
      44.82212,
      41.68812,
      422.5
     ],
     [
      44.822441,
      41.687946,
      425.25
     ],
     [
      44.822977,
      41.687675,
      426
     ],
     [
      44.823292,
      41.687537,
      427
     ],
     [
      44.823682,
      41.687399,
      428
     ],
     [
      44.823772,
      41.687381,
      428.5
     ],
     [
      44.824274,
      41.687279,
      430.25
     ],
     [
      44.824291,
      41.687306,
      430.25
     ],
     [
      44.824309,
      41.687332,
      430.5
     ],
     [
      44.824377,
      41.687331,
      430.5
     ],
     [
      44.824728,
      41.687326,
      430
     ],
     [
      44.825176,
      41.687327,
      429.5
     ],
     [
      44.826287,
      41.687316,
      428.5
     ],
     [
      44.827473,
      41.687309,
      432.5
     ],
     [
      44.827509,
      41.687301,
      432.5
     ],
     [
      44.827607,
      41.687299,
      432.5
     ],
     [
      44.827698,
      41.687297,
      432.75
     ],
     [
      44.827748,
      41.68731,
      432.75
     ],
     [
      44.829238,
      41.687307,
      432.5
     ],
     [
      44.830784,
      41.6873,
      432
     ],
     [
      44.830855,
      41.687295,
      432
     ],
     [
      44.831071,
      41.687289,
      432
     ],
     [
      44.831224,
      41.687287,
      432
     ],
     [
      44.831526,
      41.68725,
      432
     ],
     [
      44.833143,
      41.687046,
      428.75
     ],
     [
      44.833285,
      41.687031,
      428.5
     ],
     [
      44.833425,
      41.687017,
      428.5
     ],
     [
      44.833585,
      41.686991,
      429
     ],
     [
      44.834529,
      41.686908,
      431.25
     ],
     [
      44.83665,
      41.686645,
      433.75
     ],
     [
      44.836729,
      41.686637,
      433.5
     ],
     [
      44.836876,
      41.686623,
      433.25
     ],
     [
      44.837874,
      41.686524,
      430.5
     ],
     [
      44.837896,
      41.686497,
      430.25
     ],
     [
      44.83811,
      41.686466,
      429.5
     ],
     [
      44.838136,
      41.686486,
      429.25
     ],
     [
      44.839279,
      41.686328,
      425.25
     ],
     [
      44.839545,
      41.686276,
      425.25
     ],
     [
      44.840118,
      41.68619,
      425.25
     ],
     [
      44.840173,
      41.686171,
      425.5
     ],
     [
      44.840203,
      41.686141,
      425.5
     ],
     [
      44.840291,
      41.686157,
      425.75
     ],
     [
      44.840352,
      41.686168,
      426
     ],
     [
      44.840398,
      41.68616,
      426.25
     ],
     [
      44.840455,
      41.686149,
      426.5
     ],
     [
      44.840525,
      41.686106,
      426.75
     ],
     [
      44.840595,
      41.686062,
      427.25
     ],
     [
      44.840643,
      41.686094,
      427.25
     ],
     [
      44.840694,
      41.686106,
      427.5
     ],
     [
      44.840832,
      41.686105,
      428
     ],
     [
      44.841594,
      41.686088,
      432
     ],
     [
      44.842542,
      41.686057,
      433.25
     ],
     [
      44.84328,
      41.686057,
      433.25
     ],
     [
      44.84397,
      41.686053,
      432.5
     ],
     [
      44.844236,
      41.686016,
      432.25
     ],
     [
      44.844301,
      41.686014,
      432.25
     ],
     [
      44.844827,
      41.686002,
      432
     ],
     [
      44.845587,
      41.685984,
      432.25
     ],
     [
      44.846151,
      41.68597,
      433
     ],
     [
      44.846657,
      41.685958,
      434
     ],
     [
      44.846777,
      41.685952,
      433.75
     ],
     [
      44.848236,
      41.685904,
      431.25
     ],
     [
      44.848926,
      41.685882,
      433
     ],
     [
      44.849108,
      41.685876,
      433.75
     ],
     [
      44.849186,
      41.685873,
      434
     ],
     [
      44.849259,
      41.685871,
      433.75
     ],
     [
      44.850195,
      41.68584,
      432.5
     ],
     [
      44.850253,
      41.685838,
      432.25
     ],
     [
      44.850337,
      41.685834,
      432
     ],
     [
      44.850895,
      41.685817,
      431
     ],
     [
      44.850985,
      41.685815,
      431
     ],
     [
      44.85178,
      41.685718,
      432
     ],
     [
      44.852346,
      41.685577,
      434.25
     ],
     [
      44.853131,
      41.685382,
      435.75
     ],
     [
      44.853189,
      41.685349,
      436
     ],
     [
      44.853406,
      41.685299,
      436.25
     ],
     [
      44.854054,
      41.685133,
      436.5
     ],
     [
      44.854141,
      41.685112,
      436.75
     ],
     [
      44.854214,
      41.685094,
      436.75
     ],
     [
      44.85428,
      41.685078,
      436.75
     ],
     [
      44.854874,
      41.684932,
      436.5
     ],
     [
      44.855059,
      41.684889,
      436
     ],
     [
      44.855158,
      41.684867,
      435.75
     ],
     [
      44.856107,
      41.68463,
      434
     ],
     [
      44.857121,
      41.684398,
      432.75
     ],
     [
      44.857245,
      41.684419,
      432.75
     ],
     [
      44.857821,
      41.684312,
      432.25
     ],
     [
      44.857902,
      41.6843,
      432
     ],
     [
      44.857999,
      41.684284,
      431.75
     ],
     [
      44.858721,
      41.684157,
      430.25
     ],
     [
      44.858758,
      41.684151,
      430.25
     ],
     [
      44.859429,
      41.684037,
      429.5
     ],
     [
      44.860369,
      41.683878,
      429
     ],
     [
      44.860433,
      41.683867,
      429
     ],
     [
      44.860514,
      41.683854,
      429
     ],
     [
      44.860727,
      41.683812,
      428.75
     ],
     [
      44.860794,
      41.683798,
      428.5
     ],
     [
      44.8609,
      41.683774,
      428.5
     ],
     [
      44.860994,
      41.683753,
      428.5
     ],
     [
      44.861045,
      41.683762,
      428.75
     ],
     [
      44.861072,
      41.683766,
      428.75
     ],
     [
      44.861424,
      41.683702,
      429
     ],
     [
      44.862134,
      41.683465,
      429
     ],
     [
      44.863221,
      41.683079,
      428.5
     ],
     [
      44.863656,
      41.682907,
      428.25
     ],
     [
      44.864095,
      41.682682,
      426.75
     ],
     [
      44.865844,
      41.681719,
      426
     ],
     [
      44.866041,
      41.681607,
      426.25
     ],
     [
      44.866542,
      41.68134,
      427.25
     ],
     [
      44.866624,
      41.681309,
      427.25
     ],
     [
      44.866956,
      41.681183,
      427.75
     ],
     [
      44.86755,
      41.680965,
      428.75
     ],
     [
      44.868048,
      41.680791,
      428.25
     ],
     [
      44.868171,
      41.680748,
      428
     ],
     [
      44.868217,
      41.680697,
      428
     ],
     [
      44.868926,
      41.680465,
      427.5
     ],
     [
      44.869898,
      41.680157,
      425.25
     ],
     [
      44.869946,
      41.680142,
      425
     ],
     [
      44.870513,
      41.679949,
      425.5
     ],
     [
      44.870836,
      41.679783,
      426
     ],
     [
      44.871052,
      41.679698,
      426
     ],
     [
      44.871186,
      41.679634,
      426
     ],
     [
      44.871546,
      41.679443,
      426
     ],
     [
      44.872194,
      41.679017,
      424.25
     ],
     [
      44.872692,
      41.678579,
      423
     ],
     [
      44.872774,
      41.678498,
      423
     ],
     [
      44.87316,
      41.678118,
      422.25
     ],
     [
      44.873296,
      41.677983,
      421.75
     ],
     [
      44.873483,
      41.677793,
      421
     ],
     [
      44.8736,
      41.677669,
      421
     ],
     [
      44.87366,
      41.677614,
      421
     ],
     [
      44.874073,
      41.677235,
      420.5
     ],
     [
      44.874194,
      41.677126,
      420.25
     ],
     [
      44.874466,
      41.676898,
      419.75
     ],
     [
      44.87469,
      41.676711,
      420
     ],
     [
      44.87488,
      41.676548,
      419.25
     ],
     [
      44.874984,
      41.676476,
      419
     ],
     [
      44.875104,
      41.676416,
      418.5
     ],
     [
      44.875472,
      41.676152,
      416
     ],
     [
      44.876379,
      41.675611,
      412.25
     ],
     [
      44.876913,
      41.675359,
      411.5
     ],
     [
      44.877132,
      41.675254,
      411.75
     ],
     [
      44.877398,
      41.675116,
      412.75
     ],
     [
      44.877917,
      41.674904,
      414
     ],
     [
      44.878243,
      41.67477,
      414.5
     ],
     [
      44.878719,
      41.674601,
      415
     ],
     [
      44.879357,
      41.67436,
      415.75
     ],
     [
      44.879881,
      41.674145,
      415.75
     ],
     [
      44.881095,
      41.673649,
      415.25
     ],
     [
      44.881236,
      41.673591,
      415.25
     ],
     [
      44.882281,
      41.673175,
      414.5
     ],
     [
      44.883351,
      41.672748,
      413.75
     ],
     [
      44.883401,
      41.672715,
      413.75
     ],
     [
      44.883408,
      41.672676,
      414
     ],
     [
      44.883526,
      41.672621,
      414.5
     ],
     [
      44.883592,
      41.672594,
      414.75
     ],
     [
      44.883728,
      41.672546,
      415.25
     ],
     [
      44.884873,
      41.672112,
      416.25
     ],
     [
      44.884902,
      41.672111,
      416.25
     ],
     [
      44.885595,
      41.671835,
      416
     ],
     [
      44.885712,
      41.671789,
      416
     ],
     [
      44.886696,
      41.671399,
      415
     ],
     [
      44.887272,
      41.67117,
      414.75
     ],
     [
      44.887531,
      41.671067,
      414.5
     ],
     [
      44.887811,
      41.670956,
      415
     ],
     [
      44.887703,
      41.67079,
      414.5
     ],
     [
      44.88757,
      41.670587,
      413.5
     ],
     [
      44.887556,
      41.670565,
      413.5
     ],
     [
      44.887567,
      41.670473,
      413.25
     ],
     [
      44.88762,
      41.670133,
      412.5
     ],
     [
      44.887482,
      41.669928,
      411.75
     ],
     [
      44.888148,
      41.669664,
      411
     ],
     [
      44.888419,
      41.669556,
      410
     ],
     [
      44.888543,
      41.669509,
      409.5
     ],
     [
      44.888853,
      41.669384,
      408
     ],
     [
      44.889647,
      41.669059,
      406.5
     ],
     [
      44.889747,
      41.668924,
      407
     ],
     [
      44.889916,
      41.668858,
      407.75
     ],
     [
      44.8899,
      41.668835,
      407.75
     ],
     [
      44.890303,
      41.668666,
      409.25
     ],
     [
      44.890387,
      41.668631,
      409.5
     ],
     [
      44.890119,
      41.668221,
      408.25
     ],
     [
      44.890897,
      41.667938,
      408.5
     ],
     [
      44.891125,
      41.667855,
      408
     ],
     [
      44.891722,
      41.667628,
      406.25
     ],
     [
      44.892325,
      41.667398,
      404.75
     ],
     [
      44.893065,
      41.667104,
      403.5
     ],
     [
      44.89516,
      41.666289,
      404.75
     ],
     [
      44.895391,
      41.666201,
      404.75
     ],
     [
      44.895553,
      41.666433,
      405.5
     ],
     [
      44.895671,
      41.666625,
      406.25
     ],
     [
      44.89584,
      41.666559,
      406.5
     ],
     [
      44.895889,
      41.666574,
      406.5
     ],
     [
      44.89594,
      41.666563,
      406.5
     ],
     [
      44.895959,
      41.666548,
      406.5
     ],
     [
      44.896021,
      41.666635,
      406.75
     ],
     [
      44.896316,
      41.66652,
      406.5
     ],
     [
      44.896489,
      41.666783,
      406.75
     ],
     [
      44.897053,
      41.666561,
      406.75
     ],
     [
      44.897218,
      41.666798,
      406.5
     ],
     [
      44.897238,
      41.666826,
      406.5
     ],
     [
      44.89732,
      41.666943,
      406.25
     ],
     [
      44.897555,
      41.667279,
      405.5
     ],
     [
      44.89766,
      41.667429,
      405.25
     ],
     [
      44.897699,
      41.667497,
      405
     ],
     [
      44.897834,
      41.667829,
      406.5
     ],
     [
      44.89789,
      41.667889,
      406.75
     ],
     [
      44.897951,
      41.667924,
      407
     ],
     [
      44.898024,
      41.667951,
      407.25
     ],
     [
      44.898099,
      41.667967,
      407.25
     ],
     [
      44.898165,
      41.667968,
      407.25
     ],
     [
      44.898228,
      41.667955,
      407.5
     ],
     [
      44.898445,
      41.667887,
      407.5
     ],
     [
      44.89884,
      41.667758,
      408
     ],
     [
      44.899601,
      41.667468,
      408.75
     ],
     [
      44.899734,
      41.667424,
      408.75
     ],
     [
      44.899795,
      41.66742,
      408.5
     ],
     [
      44.89983,
      41.667434,
      408.75
     ],
     [
      44.900526,
      41.667171,
      408.25
     ],
     [
      44.900594,
      41.667166,
      408.5
     ],
     [
      44.900641,
      41.667176,
      408.5
     ],
     [
      44.900696,
      41.66721,
      408.75
     ],
     [
      44.900736,
      41.667179,
      408.5
     ],
     [
      44.900784,
      41.66716,
      408.5
     ],
     [
      44.900922,
      41.667145,
      408.75
     ],
     [
      44.901058,
      41.667104,
      408.75
     ],
     [
      44.901285,
      41.667021,
      408.75
     ],
     [
      44.903208,
      41.666257,
      408
     ],
     [
      44.904005,
      41.665934,
      407.75
     ],
     [
      44.904065,
      41.6659,
      407.75
     ],
     [
      44.904102,
      41.665864,
      407.75
     ],
     [
      44.904124,
      41.665834,
      407.75
     ],
     [
      44.904127,
      41.665796,
      407.75
     ],
     [
      44.904333,
      41.665753,
      407.5
     ],
     [
      44.904551,
      41.665707,
      407
     ],
     [
      44.904902,
      41.665659,
      406.25
     ],
     [
      44.905026,
      41.665667,
      406.25
     ],
     [
      44.904974,
      41.665925,
      407
     ],
     [
      44.904948,
      41.666058,
      407.25
     ],
     [
      44.904961,
      41.666134,
      407.25
     ],
     [
      44.905012,
      41.666176,
      407.25
     ],
     [
      44.905262,
      41.666228,
      407.75
     ],
     [
      44.905342,
      41.666306,
      408.25
     ],
     [
      44.905432,
      41.666503,
      409.25
     ],
     [
      44.905439,
      41.666483,
      409.25
     ],
     [
      44.90546,
      41.666465,
      409.25
     ],
     [
      44.905985,
      41.666348,
      409.75
     ],
     [
      44.90602,
      41.666432,
      410.25
     ],
     [
      44.906053,
      41.666481,
      410.75
     ],
     [
      44.906109,
      41.66652,
      411
     ],
     [
      44.906213,
      41.666565,
      411.25
     ],
     [
      44.906259,
      41.666535,
      411.25
     ],
     [
      44.907003,
      41.666246,
      411.25
     ],
     [
      44.90706,
      41.666243,
      411.25
     ],
     [
      44.907101,
      41.666274,
      411.5
     ],
     [
      44.907375,
      41.666652,
      414.25
     ],
     [
      44.908029,
      41.667549,
      416
     ],
     [
      44.907951,
      41.667579,
      416
     ],
     [
      44.907992,
      41.667707,
      415.75
     ],
     [
      44.907986,
      41.667876,
      415.75
     ],
     [
      44.907924,
      41.667967,
      415.5
     ],
     [
      44.907784,
      41.668072,
      415.5
     ],
     [
      44.907935,
      41.668067,
      415.5
     ],
     [
      44.90803,
      41.668084,
      415.5
     ],
     [
      44.908098,
      41.668172,
      415.5
     ],
     [
      44.908143,
      41.668223,
      415.25
     ],
     [
      44.908166,
      41.668263,
      415.25
     ],
     [
      44.908178,
      41.668297,
      415
     ],
     [
      44.908219,
      41.66835,
      415
     ],
     [
      44.90828,
      41.668383,
      415
     ],
     [
      44.908355,
      41.668454,
      415.25
     ],
     [
      44.908376,
      41.668474,
      415.25
     ],
     [
      44.908409,
      41.668527,
      415.5
     ],
     [
      44.908439,
      41.668575,
      415.5
     ],
     [
      44.908467,
      41.668615,
      415.75
     ],
     [
      44.908529,
      41.668718,
      416.25
     ],
     [
      44.908708,
      41.66869,
      416.25
     ],
     [
      44.908895,
      41.668631,
      416.5
     ],
     [
      44.90982,
      41.668413,
      416.25
     ],
     [
      44.910754,
      41.668034,
      415.5
     ],
     [
      44.910963,
      41.667959,
      415.5
     ],
     [
      44.911026,
      41.667936,
      415.75
     ],
     [
      44.911357,
      41.667906,
      416
     ],
     [
      44.911577,
      41.667866,
      416.25
     ],
     [
      44.912052,
      41.667932,
      415.75
     ],
     [
      44.912227,
      41.668026,
      415.75
     ],
     [
      44.912264,
      41.668066,
      415.75
     ],
     [
      44.912303,
      41.668096,
      416
     ],
     [
      44.91233,
      41.668121,
      416
     ],
     [
      44.912417,
      41.668224,
      416.5
     ],
     [
      44.91249,
      41.668298,
      416.75
     ],
     [
      44.912671,
      41.668497,
      418
     ],
     [
      44.9129,
      41.668748,
      419.5
     ],
     [
      44.914033,
      41.668298,
      417.75
     ],
     [
      44.915065,
      41.667891,
      417.75
     ],
     [
      44.915901,
      41.667561,
      417.25
     ],
     [
      44.916843,
      41.667189,
      416.25
     ],
     [
      44.917941,
      41.666755,
      414
     ],
     [
      44.919117,
      41.66629,
      413.5
     ],
     [
      44.919212,
      41.666252,
      413.25
     ],
     [
      44.919796,
      41.666008,
      412.25
     ],
     [
      44.919828,
      41.665994,
      412.25
     ],
     [
      44.919931,
      41.665956,
      412
     ],
     [
      44.920027,
      41.665919,
      412
     ],
     [
      44.920093,
      41.666013,
      412
     ],
     [
      44.920343,
      41.66637,
      412.25
     ],
     [
      44.92049,
      41.66634,
      412.25
     ],
     [
      44.920539,
      41.666337,
      412.25
     ],
     [
      44.920921,
      41.666249,
      412
     ],
     [
      44.921439,
      41.666048,
      412.25
     ],
     [
      44.921662,
      41.66636,
      413.75
     ],
     [
      44.9234,
      41.665587,
      412.5
     ],
     [
      44.923531,
      41.665537,
      412.5
     ],
     [
      44.924293,
      41.665222,
      412.75
     ],
     [
      44.924483,
      41.665123,
      412.75
     ],
     [
      44.925438,
      41.664529,
      410
     ],
     [
      44.926823,
      41.663713,
      406.25
     ],
     [
      44.927393,
      41.663353,
      409.25
     ],
     [
      44.9278,
      41.663104,
      410.75
     ],
     [
      44.927991,
      41.662979,
      411.25
     ],
     [
      44.928644,
      41.662539,
      410.5
     ],
     [
      44.929166,
      41.662245,
      408.75
     ],
     [
      44.929418,
      41.662069,
      406.75
     ],
     [
      44.929519,
      41.661962,
      405.75
     ],
     [
      44.929795,
      41.661514,
      402.25
     ],
     [
      44.929871,
      41.66139,
      401
     ],
     [
      44.930032,
      41.660949,
      397
     ],
     [
      44.930183,
      41.660363,
      393.75
     ],
     [
      44.930278,
      41.660249,
      393.25
     ],
     [
      44.930485,
      41.66009,
      393.25
     ],
     [
      44.930632,
      41.659991,
      393
     ],
     [
      44.930821,
      41.659913,
      393.5
     ],
     [
      44.934279,
      41.658578,
      393.5
     ],
     [
      44.934567,
      41.658471,
      394
     ],
     [
      44.934866,
      41.658383,
      394.75
     ],
     [
      44.935175,
      41.658287,
      394.75
     ],
     [
      44.935385,
      41.658156,
      394
     ],
     [
      44.935524,
      41.658044,
      393.25
     ],
     [
      44.935696,
      41.657924,
      392.5
     ],
     [
      44.93591,
      41.657828,
      391.75
     ],
     [
      44.936093,
      41.657707,
      390.75
     ],
     [
      44.936325,
      41.657655,
      390.75
     ],
     [
      44.936556,
      41.657628,
      390.75
     ],
     [
      44.936934,
      41.657609,
      391.75
     ],
     [
      44.937239,
      41.657503,
      392
     ],
     [
      44.937468,
      41.657405,
      392.25
     ],
     [
      44.937681,
      41.657259,
      392.75
     ],
     [
      44.937756,
      41.657122,
      392.25
     ],
     [
      44.937852,
      41.65697,
      391.5
     ],
     [
      44.93797,
      41.656834,
      391
     ],
     [
      44.938131,
      41.656714,
      390.5
     ],
     [
      44.938367,
      41.656617,
      390.75
     ],
     [
      44.938614,
      41.656473,
      390.75
     ],
     [
      44.938968,
      41.656281,
      390.5
     ],
     [
      44.939205,
      41.656156,
      390.5
     ],
     [
      44.939451,
      41.655944,
      390.75
     ],
     [
      44.939625,
      41.655807,
      391
     ],
     [
      44.939768,
      41.655791,
      391.75
     ],
     [
      44.939939,
      41.655797,
      393
     ],
     [
      44.940129,
      41.655843,
      395.25
     ],
     [
      44.940418,
      41.655957,
      398.5
     ],
     [
      44.940797,
      41.656096,
      402.5
     ],
     [
      44.941077,
      41.656157,
      404.25
     ],
     [
      44.941378,
      41.656207,
      406.25
     ],
     [
      44.941353,
      41.656049,
      405.25
     ],
     [
      44.941368,
      41.655947,
      405
     ],
     [
      44.941401,
      41.655787,
      404
     ],
     [
      44.941469,
      41.655633,
      402.75
     ],
     [
      44.941533,
      41.65554,
      402.25
     ],
     [
      44.941776,
      41.655273,
      401
     ],
     [
      44.942166,
      41.654923,
      400
     ],
     [
      44.942743,
      41.654233,
      396
     ],
     [
      44.942827,
      41.654183,
      396
     ],
     [
      44.942937,
      41.654132,
      396.5
     ],
     [
      44.943016,
      41.654078,
      396.75
     ],
     [
      44.943084,
      41.653999,
      397
     ],
     [
      44.943247,
      41.65368,
      397.25
     ],
     [
      44.943285,
      41.653631,
      397.25
     ],
     [
      44.943355,
      41.653609,
      397.5
     ],
     [
      44.943437,
      41.653618,
      397.25
     ],
     [
      44.943529,
      41.653654,
      397.25
     ],
     [
      44.943617,
      41.653703,
      397.25
     ],
     [
      44.943712,
      41.653821,
      397.75
     ],
     [
      44.943574,
      41.654085,
      398.75
     ],
     [
      44.943775,
      41.65411,
      399
     ],
     [
      44.943849,
      41.654161,
      399.5
     ],
     [
      44.943885,
      41.654235,
      400
     ],
     [
      44.943997,
      41.654308,
      400.75
     ],
     [
      44.944107,
      41.654343,
      401
     ],
     [
      44.944265,
      41.654383,
      402
     ],
     [
      44.944341,
      41.654396,
      402.5
     ],
     [
      44.944637,
      41.654388,
      403.75
     ],
     [
      44.94473,
      41.654373,
      404.25
     ],
     [
      44.944814,
      41.654347,
      404.5
     ],
     [
      44.944957,
      41.654325,
      405
     ],
     [
      44.945094,
      41.654289,
      405.25
     ],
     [
      44.945233,
      41.654264,
      405.75
     ],
     [
      44.945333,
      41.654239,
      406
     ],
     [
      44.94543,
      41.654209,
      406
     ],
     [
      44.945529,
      41.654157,
      405.75
     ],
     [
      44.945628,
      41.654086,
      405.75
     ],
     [
      44.945947,
      41.653882,
      406.25
     ],
     [
      44.946053,
      41.65384,
      406.5
     ],
     [
      44.946157,
      41.653813,
      407
     ],
     [
      44.946258,
      41.653812,
      407.5
     ],
     [
      44.946389,
      41.653802,
      408.25
     ],
     [
      44.94656,
      41.653808,
      409.25
     ],
     [
      44.946833,
      41.653764,
      411.25
     ],
     [
      44.946933,
      41.65376,
      412
     ],
     [
      44.94714,
      41.65371,
      414.25
     ],
     [
      44.947324,
      41.653592,
      416.25
     ],
     [
      44.947383,
      41.653538,
      417
     ],
     [
      44.947423,
      41.653481,
      417.5
     ],
     [
      44.9475,
      41.6534,
      418.75
     ],
     [
      44.947585,
      41.653347,
      419.75
     ],
     [
      44.947657,
      41.653266,
      419.5
     ],
     [
      44.948365,
      41.653128,
      424
     ],
     [
      44.948732,
      41.653126,
      426
     ],
     [
      44.949076,
      41.653146,
      428
     ],
     [
      44.949368,
      41.653217,
      429.25
     ],
     [
      44.9498,
      41.653384,
      430.5
     ],
     [
      44.950154,
      41.653563,
      431
     ],
     [
      44.950306,
      41.653797,
      432.25
     ],
     [
      44.950369,
      41.653716,
      431.5
     ],
     [
      44.950862,
      41.65352,
      429
     ],
     [
      44.951334,
      41.653296,
      428.25
     ],
     [
      44.951795,
      41.653047,
      429.25
     ],
     [
      44.951978,
      41.65275,
      430.5
     ],
     [
      44.952056,
      41.652686,
      431.25
     ],
     [
      44.952353,
      41.652446,
      433.5
     ],
     [
      44.952632,
      41.652285,
      433.75
     ],
     [
      44.952836,
      41.652205,
      434
     ],
     [
      44.953211,
      41.652125,
      436.25
     ],
     [
      44.95349,
      41.651917,
      436.75
     ],
     [
      44.953544,
      41.651748,
      436.25
     ],
     [
      44.953576,
      41.651516,
      436
     ],
     [
      44.953887,
      41.651091,
      437.75
     ],
     [
      44.954113,
      41.650931,
      439
     ],
     [
      44.954585,
      41.65085,
      439
     ],
     [
      44.955282,
      41.650818,
      437.5
     ],
     [
      44.955754,
      41.650899,
      435.75
     ],
     [
      44.956108,
      41.650923,
      434.25
     ],
     [
      44.956473,
      41.65085,
      432
     ],
     [
      44.956763,
      41.650722,
      430.25
     ],
     [
      44.957055,
      41.650448,
      428
     ],
     [
      44.957428,
      41.650073,
      423.75
     ],
     [
      44.957567,
      41.649913,
      421.75
     ],
     [
      44.957653,
      41.649664,
      420
     ],
     [
      44.957675,
      41.649119,
      419.25
     ],
     [
      44.957734,
      41.648797,
      419.25
     ],
     [
      44.95783,
      41.648357,
      419
     ],
     [
      44.957637,
      41.647648,
      431.25
     ],
     [
      44.957471,
      41.646425,
      433.25
     ],
     [
      44.957567,
      41.645752,
      428.5
     ],
     [
      44.957503,
      41.645431,
      426
     ],
     [
      44.957267,
      41.645222,
      423.75
     ],
     [
      44.957095,
      41.644773,
      419.5
     ],
     [
      44.956914,
      41.644408,
      416.75
     ],
     [
      44.956623,
      41.643475,
      408.25
     ],
     [
      44.956537,
      41.643042,
      405.5
     ],
     [
      44.956537,
      41.642817,
      404.5
     ],
     [
      44.956773,
      41.642625,
      403
     ],
     [
      44.956965,
      41.642566,
      401.5
     ],
     [
      44.957138,
      41.642513,
      400.25
     ],
     [
      44.958566,
      41.642323,
      391.25
     ],
     [
      44.958951,
      41.641807,
      389.25
     ],
     [
      44.959241,
      41.641526,
      388.5
     ],
     [
      44.95974,
      41.641177,
      387.75
     ],
     [
      44.959802,
      41.641129,
      387.75
     ],
     [
      44.960057,
      41.640993,
      387.25
     ],
     [
      44.960064,
      41.640868,
      386.75
     ],
     [
      44.960033,
      41.640367,
      384
     ],
     [
      44.960051,
      41.640283,
      383.5
     ],
     [
      44.960111,
      41.64009,
      382.5
     ],
     [
      44.960242,
      41.63991,
      382.5
     ],
     [
      44.96037,
      41.639817,
      383
     ],
     [
      44.960621,
      41.639709,
      383.75
     ],
     [
      44.960844,
      41.639696,
      384.5
     ],
     [
      44.961264,
      41.639739,
      387.25
     ],
     [
      44.961393,
      41.639568,
      389
     ],
     [
      44.961431,
      41.639401,
      390
     ],
     [
      44.961408,
      41.638837,
      389
     ],
     [
      44.961628,
      41.638137,
      387.25
     ],
     [
      44.962143,
      41.637211,
      393.25
     ],
     [
      44.962226,
      41.637094,
      393.5
     ],
     [
      44.962275,
      41.637026,
      393.75
     ],
     [
      44.962477,
      41.636958,
      394.5
     ],
     [
      44.963003,
      41.636859,
      397
     ],
     [
      44.963225,
      41.636956,
      399
     ],
     [
      44.963498,
      41.636996,
      400.25
     ],
     [
      44.963896,
      41.637016,
      401.25
     ],
     [
      44.964253,
      41.636974,
      401.75
     ],
     [
      44.964816,
      41.636735,
      401.75
     ],
     [
      44.965177,
      41.636644,
      402.25
     ],
     [
      44.965512,
      41.636619,
      403
     ],
     [
      44.96568,
      41.636629,
      403.25
     ],
     [
      44.965837,
      41.63654,
      403.25
     ],
     [
      44.965783,
      41.63642,
      402.5
     ],
     [
      44.96573,
      41.636324,
      402
     ],
     [
      44.965719,
      41.636227,
      401.75
     ],
     [
      44.965741,
      41.636115,
      401.25
     ],
     [
      44.965859,
      41.635899,
      400.25
     ],
     [
      44.965977,
      41.635818,
      399.75
     ],
     [
      44.966159,
      41.635786,
      399.5
     ],
     [
      44.966288,
      41.635786,
      399.25
     ],
     [
      44.966352,
      41.635754,
      399.25
     ],
     [
      44.966438,
      41.635586,
      399.25
     ],
     [
      44.966502,
      41.635514,
      399
     ],
     [
      44.966577,
      41.635498,
      399
     ],
     [
      44.966674,
      41.635514,
      399
     ],
     [
      44.966813,
      41.635562,
      399.25
     ],
     [
      44.966964,
      41.635602,
      400
     ],
     [
      44.967082,
      41.635578,
      400.25
     ],
     [
      44.967489,
      41.635185,
      398.5
     ],
     [
      44.968315,
      41.634311,
      397.5
     ],
     [
      44.968369,
      41.634239,
      396.75
     ],
     [
      44.968594,
      41.634094,
      396.25
     ],
     [
      44.968755,
      41.634022,
      396.25
     ],
     [
      44.968799,
      41.633978,
      396.25
     ],
     [
      44.969624,
      41.632611,
      394.5
     ],
     [
      44.970032,
      41.631993,
      392.5
     ],
     [
      44.970397,
      41.631512,
      389.5
     ],
     [
      44.970472,
      41.631424,
      389
     ],
     [
      44.970751,
      41.631568,
      389
     ],
     [
      44.970901,
      41.631689,
      389.25
     ],
     [
      44.971073,
      41.631905,
      392
     ],
     [
      44.971148,
      41.632026,
      393.5
     ],
     [
      44.971358,
      41.63212,
      396
     ],
     [
      44.971605,
      41.631832,
      394.5
     ],
     [
      44.971744,
      41.631744,
      394.75
     ],
     [
      44.971937,
      41.631591,
      396
     ],
     [
      44.972012,
      41.631471,
      396.25
     ],
     [
      44.972051,
      41.631378,
      396.25
     ],
     [
      44.972089,
      41.631288,
      396.25
     ],
     [
      44.973203,
      41.630597,
      399.5
     ],
     [
      44.974126,
      41.630051,
      399.25
     ],
     [
      44.974534,
      41.629931,
      399.25
     ],
     [
      44.975822,
      41.629293,
      400.5
     ],
     [
      44.976057,
      41.629129,
      401.75
     ],
     [
      44.976465,
      41.628784,
      401.5
     ],
     [
      44.97683,
      41.628568,
      401.25
     ],
     [
      44.97698,
      41.628456,
      401.5
     ],
     [
      44.977066,
      41.628335,
      401.25
     ],
     [
      44.97725,
      41.628047,
      401.25
     ],
     [
      44.977452,
      41.62771,
      400.25
     ],
     [
      44.977645,
      41.627501,
      400
     ],
     [
      44.977908,
      41.627243,
      400
     ],
     [
      44.977942,
      41.62721,
      400
     ],
     [
      44.978714,
      41.626487,
      399.75
     ],
     [
      44.979072,
      41.62613,
      399.25
     ],
     [
      44.979251,
      41.625928,
      398.75
     ],
     [
      44.979447,
      41.625705,
      398.5
     ],
     [
      44.979823,
      41.625376,
      398.5
     ],
     [
      44.98023,
      41.624992,
      396.75
     ],
     [
      44.980628,
      41.624598,
      396.5
     ],
     [
      44.980869,
      41.62431,
      396.75
     ],
     [
      44.980955,
      41.624208,
      397.5
     ],
     [
      44.981094,
      41.624042,
      398.25
     ],
     [
      44.981399,
      41.623678,
      399
     ],
     [
      44.981586,
      41.623445,
      399
     ],
     [
      44.98169,
      41.623307,
      399
     ],
     [
      44.981737,
      41.623231,
      399.5
     ],
     [
      44.981776,
      41.623171,
      399.75
     ],
     [
      44.981872,
      41.622914,
      400
     ],
     [
      44.981904,
      41.622577,
      399.25
     ],
     [
      44.981904,
      41.622433,
      398.75
     ],
     [
      44.981904,
      41.622128,
      398
     ],
     [
      44.98189,
      41.621977,
      397.5
     ],
     [
      44.981762,
      41.621544,
      394.25
     ],
     [
      44.98174,
      41.621271,
      392.75
     ],
     [
      44.981787,
      41.621005,
      392.5
     ],
     [
      44.981805,
      41.620902,
      392.5
     ],
     [
      44.981955,
      41.620485,
      392.25
     ],
     [
      44.982148,
      41.620068,
      391.75
     ],
     [
      44.982216,
      41.619962,
      391.75
     ],
     [
      44.982405,
      41.619667,
      391.25
     ],
     [
      44.982749,
      41.61925,
      389.25
     ],
     [
      44.98287,
      41.619129,
      388.75
     ],
     [
      44.983006,
      41.618993,
      388.5
     ],
     [
      44.98335,
      41.618688,
      386.75
     ],
     [
      44.983261,
      41.618584,
      385.5
     ],
     [
      44.983207,
      41.618488,
      384.5
     ],
     [
      44.983207,
      41.618392,
      383.5
     ],
     [
      44.983239,
      41.618288,
      382.25
     ],
     [
      44.983164,
      41.618167,
      380.5
     ],
     [
      44.982682,
      41.617801,
      378.5
     ],
     [
      44.982576,
      41.61772,
      378.75
     ],
     [
      44.982677,
      41.617508,
      376.25
     ],
     [
      44.982666,
      41.617292,
      374.5
     ],
     [
      44.982523,
      41.616818,
      370.5
     ],
     [
      44.982385,
      41.616661,
      369.75
     ],
     [
      44.982348,
      41.616571,
      369.5
     ],
     [
      44.982364,
      41.616358,
      368.5
     ],
     [
      44.982348,
      41.616246,
      368.25
     ],
     [
      44.982428,
      41.616248,
      368
     ],
     [
      44.982605,
      41.61627,
      368.25
     ],
     [
      44.982852,
      41.616274,
      369.25
     ],
     [
      44.982916,
      41.616242,
      369.75
     ],
     [
      44.982906,
      41.616142,
      369.75
     ],
     [
      44.982906,
      41.615989,
      370
     ],
     [
      44.983576,
      41.615536,
      376.5
     ],
     [
      44.983759,
      41.615372,
      378
     ],
     [
      44.983852,
      41.615336,
      378.5
     ],
     [
      44.983993,
      41.615267,
      379.5
     ],
     [
      44.984079,
      41.615135,
      379.75
     ],
     [
      44.983688,
      41.614935,
      377.25
     ],
     [
      44.983776,
      41.614724,
      376.5
     ],
     [
      44.983776,
      41.614596,
      375.75
     ],
     [
      44.983819,
      41.614428,
      375
     ],
     [
      44.983883,
      41.614267,
      375
     ],
     [
      44.984108,
      41.613946,
      375
     ],
     [
      44.984237,
      41.613609,
      373
     ],
     [
      44.984731,
      41.611893,
      363.75
     ],
     [
      44.984806,
      41.611676,
      362
     ],
     [
      44.985052,
      41.611299,
      360
     ],
     [
      44.985138,
      41.611083,
      358.25
     ],
     [
      44.985149,
      41.610874,
      356
     ],
     [
      44.985052,
      41.610754,
      354
     ],
     [
      44.984988,
      41.610634,
      352.75
     ],
     [
      44.98501,
      41.610385,
      351.25
     ],
     [
      44.98502,
      41.610152,
      350
     ],
     [
      44.984945,
      41.609871,
      348.75
     ],
     [
      44.987059,
      41.608315,
      348.25
     ],
     [
      44.987327,
      41.608099,
      348.25
     ],
     [
      44.987542,
      41.60785,
      348.25
     ],
     [
      44.987615,
      41.607814,
      348.5
     ],
     [
      44.987713,
      41.607762,
      348.5
     ],
     [
      44.989848,
      41.606671,
      350.75
     ],
     [
      44.989988,
      41.606791,
      350.75
     ],
     [
      44.990535,
      41.607337,
      352.5
     ],
     [
      44.99061,
      41.607377,
      352.75
     ],
     [
      44.990814,
      41.607521,
      354
     ],
     [
      44.990943,
      41.607601,
      355
     ],
     [
      44.99105,
      41.607649,
      355.75
     ],
     [
      44.991146,
      41.607593,
      355.5
     ],
     [
      44.991254,
      41.607505,
      355.5
     ],
     [
      44.991458,
      41.607393,
      355.75
     ],
     [
      44.993421,
      41.606358,
      355
     ],
     [
      44.99385,
      41.606125,
      355.5
     ],
     [
      44.994065,
      41.605981,
      355.5
     ],
     [
      44.994655,
      41.605387,
      354
     ],
     [
      44.995116,
      41.604938,
      352.25
     ],
     [
      44.995803,
      41.60436,
      351.5
     ],
     [
      44.995996,
      41.604232,
      351.5
     ],
     [
      44.996135,
      41.604192,
      352
     ],
     [
      44.996328,
      41.604079,
      352.5
     ],
     [
      44.996994,
      41.603662,
      353.75
     ],
     [
      44.997219,
      41.603598,
      354.75
     ],
     [
      44.997401,
      41.603486,
      354.5
     ],
     [
      44.997702,
      41.603229,
      353.75
     ],
     [
      44.998013,
      41.60302,
      354.25
     ],
     [
      44.998297,
      41.602911,
      355
     ],
     [
      44.999062,
      41.602686,
      356
     ],
     [
      44.999413,
      41.60249,
      354.5
     ],
     [
      44.999666,
      41.602455,
      354.75
     ],
     [
      44.999897,
      41.602353,
      355
     ],
     [
      45.000006,
      41.602248,
      354.75
     ],
     [
      45.000119,
      41.602207,
      354.75
     ],
     [
      45.000263,
      41.602286,
      355.5
     ],
     [
      45.00047,
      41.602307,
      356
     ],
     [
      45.001219,
      41.60228,
      358.5
     ],
     [
      45.001758,
      41.602286,
      361.25
     ],
     [
      45.002241,
      41.602216,
      361.75
     ],
     [
      45.002409,
      41.602111,
      361
     ],
     [
      45.002616,
      41.601846,
      359
     ],
     [
      45.003228,
      41.601376,
      357.25
     ],
     [
      45.003583,
      41.601242,
      358.5
     ],
     [
      45.004028,
      41.600892,
      359
     ],
     [
      45.004364,
      41.60055,
      359
     ],
     [
      45.004922,
      41.600326,
      361
     ],
     [
      45.005511,
      41.599836,
      360.5
     ],
     [
      45.005776,
      41.599424,
      357.75
     ],
     [
      45.005975,
      41.599156,
      356.5
     ],
     [
      45.005967,
      41.599057,
      356
     ],
     [
      45.005768,
      41.598931,
      354.75
     ],
     [
      45.005604,
      41.598867,
      354.25
     ],
     [
      45.005573,
      41.598812,
      353.75
     ],
     [
      45.005597,
      41.598721,
      353.5
     ],
     [
      45.005776,
      41.598622,
      353.75
     ],
     [
      45.005971,
      41.598622,
      354.5
     ],
     [
      45.006353,
      41.598689,
      356.75
     ],
     [
      45.006744,
      41.598695,
      358.5
     ],
     [
      45.007005,
      41.598651,
      359.75
     ],
     [
      45.007223,
      41.598581,
      360.5
     ],
     [
      45.007212,
      41.598514,
      360
     ],
     [
      45.007052,
      41.598354,
      358.5
     ],
     [
      45.007017,
      41.598114,
      357
     ],
     [
      45.007036,
      41.59761,
      354.75
     ],
     [
      45.007206,
      41.596907,
      354
     ],
     [
      45.007316,
      41.596519,
      353.75
     ],
     [
      45.007479,
      41.596237,
      353.25
     ],
     [
      45.00744,
      41.596121,
      352.75
     ],
     [
      45.007215,
      41.595956,
      351.75
     ],
     [
      45.007607,
      41.596014,
      352.5
     ],
     [
      45.008025,
      41.596127,
      353.25
     ],
     [
      45.00839,
      41.596295,
      354.75
     ],
     [
      45.008723,
      41.596488,
      357.25
     ],
     [
      45.009066,
      41.596745,
      359.5
     ],
     [
      45.00971,
      41.597531,
      367.5
     ],
     [
      45.009839,
      41.597651,
      368.75
     ],
     [
      45.009978,
      41.597723,
      370
     ],
     [
      45.010193,
      41.597723,
      372
     ],
     [
      45.010675,
      41.597587,
      376.5
     ],
     [
      45.010933,
      41.597539,
      379
     ],
     [
      45.011298,
      41.597547,
      383.5
     ],
     [
      45.011673,
      41.597587,
      388
     ],
     [
      45.012059,
      41.597643,
      391
     ],
     [
      45.012328,
      41.597675,
      393.25
     ],
     [
      45.012521,
      41.597756,
      395.25
     ],
     [
      45.012832,
      41.597924,
      397
     ],
     [
      45.013165,
      41.598093,
      398.75
     ],
     [
      45.013379,
      41.598181,
      399.5
     ],
     [
      45.013798,
      41.598253,
      399.75
     ],
     [
      45.013948,
      41.598293,
      399.75
     ],
     [
      45.014152,
      41.598293,
      399.75
     ],
     [
      45.014452,
      41.598245,
      399.25
     ],
     [
      45.014763,
      41.598165,
      398.5
     ],
     [
      45.014978,
      41.598044,
      398.25
     ],
     [
      45.015096,
      41.597916,
      398.75
     ],
     [
      45.015192,
      41.597619,
      399.5
     ],
     [
      45.015718,
      41.597106,
      399.25
     ],
     [
      45.015933,
      41.596833,
      397.75
     ],
     [
      45.016029,
      41.596737,
      397.25
     ],
     [
      45.016598,
      41.596448,
      396.25
     ],
     [
      45.016877,
      41.596263,
      396.25
     ],
     [
      45.017134,
      41.596135,
      396.25
     ],
     [
      45.01737,
      41.596087,
      396.25
     ],
     [
      45.017499,
      41.596038,
      396.25
     ],
     [
      45.017735,
      41.595982,
      396.5
     ],
     [
      45.018189,
      41.595964,
      397.25
     ],
     [
      45.018383,
      41.596031,
      398
     ],
     [
      45.01859,
      41.596093,
      398.5
     ],
     [
      45.018798,
      41.59608,
      398.75
     ],
     [
      45.019376,
      41.596144,
      400
     ],
     [
      45.019385,
      41.596035,
      399.75
     ],
     [
      45.019645,
      41.593542,
      393
     ],
     [
      45.01972,
      41.593393,
      393
     ],
     [
      45.019828,
      41.593265,
      392.75
     ],
     [
      45.019301,
      41.593152,
      392.25
     ],
     [
      45.019003,
      41.593096,
      392.25
     ],
     [
      45.019042,
      41.592483,
      390
     ],
     [
      45.019075,
      41.591922,
      392.25
     ],
     [
      45.019071,
      41.591838,
      392.5
     ],
     [
      45.019142,
      41.591741,
      393.25
     ],
     [
      45.019219,
      41.591696,
      393.75
     ],
     [
      45.019339,
      41.591679,
      394
     ],
     [
      45.019503,
      41.591702,
      394.25
     ],
     [
      45.020569,
      41.591823,
      395
     ],
     [
      45.022289,
      41.592013,
      396.25
     ],
     [
      45.022811,
      41.590838,
      404.5
     ],
     [
      45.023941,
      41.588388,
      401
     ],
     [
      45.024496,
      41.587192,
      399.75
     ],
     [
      45.024554,
      41.587068,
      399.5
     ],
     [
      45.024673,
      41.586972,
      399.5
     ],
     [
      45.024808,
      41.586913,
      399.5
     ],
     [
      45.02488,
      41.586848,
      399.25
     ],
     [
      45.024913,
      41.586741,
      399
     ],
     [
      45.024902,
      41.586638,
      398.75
     ],
     [
      45.024836,
      41.586416,
      398.75
     ],
     [
      45.025296,
      41.586388,
      397.75
     ],
     [
      45.026799,
      41.586328,
      393.75
     ],
     [
      45.027849,
      41.586221,
      391.25
     ],
     [
      45.029178,
      41.586192,
      388.5
     ],
     [
      45.029311,
      41.586086,
      387.75
     ],
     [
      45.029504,
      41.585974,
      386.75
     ],
     [
      45.02974,
      41.585765,
      385.5
     ],
     [
      45.029869,
      41.585444,
      385
     ],
     [
      45.030019,
      41.585292,
      383.75
     ],
     [
      45.030438,
      41.585099,
      382.75
     ],
     [
      45.030899,
      41.58481,
      382.75
     ],
     [
      45.031221,
      41.584542,
      383.25
     ],
     [
      45.031334,
      41.584387,
      383
     ],
     [
      45.031355,
      41.58435,
      383
     ],
     [
      45.031403,
      41.58425,
      382.75
     ],
     [
      45.031336,
      41.58414,
      383
     ],
     [
      45.031328,
      41.583888,
      383.75
     ],
     [
      45.031382,
      41.583519,
      384
     ],
     [
      45.031414,
      41.583443,
      383.75
     ],
     [
      45.031504,
      41.583232,
      384
     ],
     [
      45.031809,
      41.582549,
      384.75
     ],
     [
      45.032217,
      41.581971,
      385.75
     ],
     [
      45.032474,
      41.581703,
      385
     ],
     [
      45.032544,
      41.581614,
      385
     ],
     [
      45.032641,
      41.581554,
      384.75
     ],
     [
      45.032721,
      41.581506,
      384.5
     ],
     [
      45.033189,
      41.580549,
      384.75
     ],
     [
      45.0336,
      41.579708,
      385
     ],
     [
      45.033745,
      41.579411,
      384.75
     ],
     [
      45.034625,
      41.578199,
      382.75
     ],
     [
      45.035317,
      41.576698,
      388.5
     ],
     [
      45.03548,
      41.576448,
      385
     ],
     [
      45.03562,
      41.57628,
      381.75
     ],
     [
      45.035867,
      41.576143,
      377.5
     ],
     [
      45.035909,
      41.576023,
      377
     ],
     [
      45.035918,
      41.575888,
      376.5
     ],
     [
      45.035886,
      41.575719,
      376.5
     ],
     [
      45.036079,
      41.575358,
      375.75
     ],
     [
      45.036253,
      41.575076,
      374.75
     ],
     [
      45.036454,
      41.574861,
      374.75
     ],
     [
      45.03665,
      41.57469,
      374.5
     ],
     [
      45.036832,
      41.574546,
      374.25
     ],
     [
      45.03698,
      41.574411,
      374
     ],
     [
      45.037132,
      41.574257,
      373.5
     ],
     [
      45.037261,
      41.574064,
      373
     ],
     [
      45.037409,
      41.573721,
      373
     ],
     [
      45.037411,
      41.573575,
      373.25
     ],
     [
      45.037356,
      41.573408,
      374.5
     ],
     [
      45.03724,
      41.573246,
      376.25
     ],
     [
      45.0371,
      41.572852,
      378.25
     ],
     [
      45.036927,
      41.571955,
      378
     ],
     [
      45.036819,
      41.570928,
      378.25
     ],
     [
      45.036894,
      41.570382,
      376.5
     ],
     [
      45.036896,
      41.570164,
      376
     ],
     [
      45.036982,
      41.569786,
      374.5
     ],
     [
      45.036939,
      41.569674,
      373.75
     ],
     [
      45.036864,
      41.569634,
      373
     ],
     [
      45.036788,
      41.569608,
      372.5
     ],
     [
      45.037012,
      41.56933,
      371.5
     ],
     [
      45.037229,
      41.569112,
      371.25
     ],
     [
      45.037433,
      41.568919,
      370.75
     ],
     [
      45.037838,
      41.568712,
      371
     ],
     [
      45.038012,
      41.568518,
      370.75
     ],
     [
      45.038184,
      41.568173,
      369.75
     ],
     [
      45.038297,
      41.568049,
      369.5
     ],
     [
      45.038699,
      41.567924,
      368.25
     ],
     [
      45.038802,
      41.567837,
      367.75
     ],
     [
      45.038849,
      41.567707,
      367.25
     ],
     [
      45.038833,
      41.567539,
      366.5
     ],
     [
      45.038834,
      41.567411,
      365.75
     ],
     [
      45.038876,
      41.567282,
      365
     ],
     [
      45.038945,
      41.567213,
      364.5
     ],
     [
      45.039053,
      41.567161,
      364.25
     ],
     [
      45.040985,
      41.566705,
      367
     ],
     [
      45.041424,
      41.566543,
      370.5
     ],
     [
      45.041697,
      41.566523,
      372.75
     ],
     [
      45.042069,
      41.566721,
      374.5
     ],
     [
      45.042369,
      41.566853,
      375.5
     ],
     [
      45.042632,
      41.566893,
      376.75
     ],
     [
      45.043031,
      41.566889,
      378.5
     ],
     [
      45.043124,
      41.566888,
      379
     ],
     [
      45.043768,
      41.56678,
      381.25
     ],
     [
      45.044043,
      41.566673,
      381.5
     ],
     [
      45.044198,
      41.566697,
      382
     ],
     [
      45.044439,
      41.566768,
      381.75
     ],
     [
      45.044825,
      41.566772,
      381
     ],
     [
      45.045007,
      41.566724,
      380.5
     ],
     [
      45.045256,
      41.566594,
      380.75
     ],
     [
      45.045411,
      41.566524,
      381
     ],
     [
      45.045577,
      41.566415,
      381.25
     ],
     [
      45.045796,
      41.566253,
      381.25
     ],
     [
      45.045837,
      41.566135,
      381
     ],
     [
      45.045841,
      41.566011,
      380.5
     ],
     [
      45.045652,
      41.565139,
      376.5
     ],
     [
      45.045588,
      41.565019,
      376
     ],
     [
      45.045564,
      41.564929,
      375.5
     ],
     [
      45.045498,
      41.564689,
      374.75
     ],
     [
      45.045498,
      41.56363,
      370.5
     ],
     [
      45.045962,
      41.56365,
      370.25
     ],
     [
      45.045665,
      41.561877,
      363.5
     ],
     [
      45.045637,
      41.561507,
      361.75
     ],
     [
      45.045788,
      41.561235,
      361
     ],
     [
      45.045886,
      41.561256,
      361
     ],
     [
      45.045933,
      41.561183,
      360.75
     ],
     [
      45.045925,
      41.561049,
      360.5
     ],
     [
      45.046181,
      41.560643,
      358.75
     ],
     [
      45.046392,
      41.560344,
      356.25
     ],
     [
      45.046652,
      41.560146,
      354.25
     ],
     [
      45.04688,
      41.560055,
      353.75
     ],
     [
      45.047034,
      41.559958,
      353.25
     ],
     [
      45.047295,
      41.55955,
      351.75
     ],
     [
      45.047374,
      41.559464,
      351.75
     ],
     [
      45.046928,
      41.559166,
      349.5
     ],
     [
      45.04689,
      41.55911,
      349.25
     ],
     [
      45.046724,
      41.558977,
      348.5
     ],
     [
      45.046054,
      41.558395,
      347.75
     ],
     [
      45.045941,
      41.558259,
      347.75
     ],
     [
      45.051032,
      41.552759,
      338
     ],
     [
      45.049862,
      41.552143,
      340.5
     ],
     [
      45.048886,
      41.551601,
      340
     ],
     [
      45.054565,
      41.545548,
      334
     ],
     [
      45.054951,
      41.545227,
      332
     ],
     [
      45.055176,
      41.544865,
      332
     ],
     [
      45.057097,
      41.542826,
      331.25
     ],
     [
      45.057207,
      41.542721,
      331.75
     ],
     [
      45.057277,
      41.542515,
      331.75
     ],
     [
      45.057268,
      41.542263,
      331.5
     ],
     [
      45.057315,
      41.541921,
      331.25
     ],
     [
      45.057616,
      41.542087,
      332
     ],
     [
      45.057851,
      41.542171,
      332.25
     ],
     [
      45.057964,
      41.5422,
      332.5
     ],
     [
      45.058099,
      41.542214,
      332.75
     ],
     [
      45.058241,
      41.542212,
      332.75
     ],
     [
      45.058364,
      41.542198,
      332.75
     ],
     [
      45.058743,
      41.542166,
      333.25
     ],
     [
      45.058941,
      41.542139,
      333.5
     ],
     [
      45.059111,
      41.542102,
      333.75
     ],
     [
      45.059203,
      41.542059,
      334
     ],
     [
      45.063555,
      41.537573,
      329.5
     ],
     [
      45.065535,
      41.535524,
      327.75
     ],
     [
      45.067417,
      41.533571,
      326.75
     ],
     [
      45.067473,
      41.533542,
      326.75
     ],
     [
      45.067552,
      41.533551,
      327
     ],
     [
      45.067629,
      41.533298,
      326.75
     ],
     [
      45.067705,
      41.53309,
      326
     ],
     [
      45.067844,
      41.532905,
      325.5
     ],
     [
      45.068037,
      41.532736,
      325.25
     ],
     [
      45.068595,
      41.532375,
      325
     ],
     [
      45.069172,
      41.531768,
      324.75
     ],
     [
      45.070183,
      41.530712,
      322.75
     ],
     [
      45.07029,
      41.53056,
      323
     ],
     [
      45.07023,
      41.53031,
      323.5
     ],
     [
      45.07004,
      41.52993,
      323.75
     ],
     [
      45.06999,
      41.52973,
      323.5
     ],
     [
      45.07055,
      41.52898,
      321.75
     ],
     [
      45.07059,
      41.52877,
      322
     ],
     [
      45.07042,
      41.52808,
      322.5
     ],
     [
      45.07049,
      41.52789,
      322.5
     ],
     [
      45.0707,
      41.5275,
      322.25
     ],
     [
      45.07085,
      41.52735,
      321.5
     ],
     [
      45.07117,
      41.52721,
      320.5
     ],
     [
      45.0713,
      41.52716,
      320.25
     ]
    ]
   }
  }
 ]
}